"annotation_id","annotator","api_consensus_label","codex_suggested_label","combined_text","created_at","dataset","dispute_reason","filing_date","finbert_confidence","finbert_label","id","label","lead_time","original_label","paragraph_id","review_rank","risk_heading","risk_section","ticker","updated_at"
2976,"1","Corporate Governance","Non-ESG","REGULATORY RISKS
APS must comply in good faith with all applicable statutes, regulations, rules, tariffs, and orders of agencies that regulate APS’s business, including FERC, NRC, EPA, the ACC, and state and local governmental agencies. These agencies regulate many aspects of APS’s utility operations, including safety and performance, emissions, siting and construction of facilities, customer service and the rates that APS can charge retail and wholesale customers. Failure to comply can subject APS to, among other things, fines and penalties. For example, under the Energy Policy Act of 2005, FERC can impose penalties (approximately $1.2 million per day per violation) for failure to comply with mandatory electric reliability standards. APS is also required to have numerous permits, approvals and certificates from these agencies. APS believes the necessary permits, approvals and certificates have been obtained for its existing operations and that APS’s business is conducted in accordance with applicable laws in all material respects. Changes in laws or regulations that govern APS, new interpretations of law and regulations, or the imposition of new or revised laws or regulations could have an adverse impact on the manner in which we operate our business and our results of operations. In particular, new or revised laws or interpretations of existing laws or regulations may impact or call into question the ACC’s permissive regulatory authority, which may result in uncertainty as to jurisdictional authority within our state, and uncertainty as to whether ACC decisions will be binding or challenged by other agencies or bodies asserting jurisdiction. In November 2021, the Arizona Court of Appeals issued an opinion that called into question the ACC-approved limitation of liability provision found in the APS Service Schedules.","2026-06-27T06:59:59.655562Z","chiang","一般法規遵循為主，未明確落在倫理或公司治理核心定義。","2022-02-25",0.3936,"Business Ethics & Values",1481,"Non-ESG",56.161,"Business Ethics & Values","PNW_2022_RISK_004",1,"REGULATORY RISKS","REGULATORY RISKS","PNW","2026-06-27T06:59:59.655571Z"
2977,"1","Business Ethics & Values","Product Liability","Risks relating to estimates, assumptions and valuations
It requires financial professionals to act in consumers’ best interest when giving personalized investment advice. Notwithstanding the SEC’s Reg BI, which went into effect in 2020, some states may still consider changes to their own insurance and securities laws and/or regulations. In 2020, Massachusetts promulgated regulations imposing a fiduciary duty on broker-dealers and agents and the NAIC adopted best interest enhancements to its existing annuity suitability model. A number of states have adopted the updated NAIC model and many more are poised to take steps in that direction in 2022. Related state fiduciary or “best interest” legislation and/or regulation could occur in 2022.","2026-06-27T07:01:16.627630Z","chiang","消費者最佳利益屬消費者金融保護，但也涉及受託義務。","2022-02-11",0.6801,"Business Ethics & Values",1482,"Product Liability",76.431,"Product Liability","PFG_2022_RISK_033",2,"Risks relating to estimates, assumptions and valuations","Summary of Risk Factors","PFG","2026-06-27T07:01:16.627639Z"
2978,"1","Product Liability","Product Liability","Legal and Regulatory Risks
The Company’s operations are subject to the general risks of litigation. The Company is involved on an ongoing basis in litigation arising in the ordinary course of business. Trends in litigation may include class actions involving employees, consumers, competitors, suppliers, shareholders, or others, and claims relating to product liability, contract disputes, antitrust regulations, intellectual property, advertising, labeling, wage and hour laws, employment practices or environmental matters. Neither litigation trends nor the outcomes of litigation can be predicted with certainty and adverse litigation trends and outcomes could negatively affect the Company’s financial results. Government regulation, present and future, exposes the Company to potential sanctions and compliance costs that could adversely affect the Company’s business. The Company’s operations are subject to extensive regulation by the U.S. Department of Homeland Security, the U.S. Department of Agriculture, the U.S. Food and Drug Administration, federal and state taxing authorities and other federal, state, and local authorities which oversee workforce immigration, taxation, animal welfare, food safety, and the processing, packaging, storage, distribution, advertising, and labeling of the Company’s products. The Company’s manufacturing facilities and products are subject to ongoing inspection by federal, state and local authorities. Claims or enforcement proceedings could be brought against the Company in the future. The availability of government inspectors due to a government furlough could also cause disruption to the Company’s manufacturing facilities. Additionally, the Company is subject to new or modified laws, regulations, and accounting standards. The Company’s failure or inability to comply with such requirements could subject the Company to civil remedies, including fines, injunctions, recalls or seizures, as well as potential criminal sanctions.","2026-06-27T07:01:29.919402Z","chiang","內容混合法律訴訟、食品安全、標示與勞動議題，主題不單一。","2021-12-10",0.8906,"Business Ethics & Values",1483,"Product Liability",12.693,"Business Ethics & Values","HRL_2021_RISK_014",3,"Legal and Regulatory Risks","Legal and Regulatory Risks","HRL","2026-06-27T07:01:29.919412Z"
2979,"1","Corporate Governance","Corporate Governance","Risks Related to the Operating Partnership’s Organization and Ownership of OP Units
In certain circumstances, certain of the Operating Partnership’s unitholders must approve the Operating Partnership’s sale of certain properties contributed by the unitholders.","2026-06-27T07:01:35.480955Z","chiang","單位持有人對資產出售的核准權直接涉及所有權治理。","2022-02-17",0.8895,"Non-ESG",1484,"Corporate Governance",4.893,"Non-ESG","MAA_2022_RISK_078",4,"Risks Related to the Operating Partnership’s Organization and Ownership of OP Units","Tennessee Anti-Takeover Statutes","MAA","2026-06-27T07:01:35.480966Z"
2980,"1","Corporate Governance","Business Ethics & Values","Risks Associated with our Macau Operations
Conflicts of interest may arise because certain of our directors and officers are also directors of Wynn Macau, Limited.","2026-06-27T07:02:04.662199Z","chiang","董事兼任造成利益衝突，同時符合倫理與治理邊界。","2022-02-28",0.7181,"Business Ethics & Values",1485,"Business Ethics & Values",28.593,"Business Ethics & Values","WYNN_2022_RISK_085",5,"Risks Associated with our Macau Operations","Risks Associated with our Macau Operations","WYNN","2026-06-27T07:02:04.662209Z"
2981,"1","Business Ethics & Values","Business Ethics & Values","We are subject to a variety of operational risks.
In addition to the other risks discussed in this section, we are subject to operational risk, which represents the risk of loss resulting from human error, inadequate or failed internal processes, internal controls, systems, and external events. Operational risk includes the risk of fraud by employees or others outside of Key, clerical and record-keeping errors, nonperformance by vendors, threats from cyber activity, and computer/telecommunications malfunctions. Fraudulent activity has escalated, become more sophisticated, and is ever evolving as there are more options to access financial services. For instance, in our Form 8-K filed July 16, 2019, we disclosed that on or about July 9, 2019, we discovered fraudulent activity associated with transactions conducted in the third quarter of 2019 by a business customer of KeyBank.  This fraudulent activity resulted in $139 million of net loan charge-offs in 2019. Operational risk also encompasses compliance and legal risk, which is the risk of loss from violations of, or noncompliance with, laws, rules, regulations, prescribed practices, or ethical standards, as well as the risk of our noncompliance with contractual and other obligations. We are also exposed to operational risk through our outsourcing arrangements, and the effect that changes in circumstances or capabilities of our outsourcing vendors can have on our ability to continue to perform operational functions necessary to our business, such as certain loan processing functions. For example, breakdowns or failures of our vendors’ systems or employees could be a source of operational risk to us. Resulting losses from operational risk could take the form of explicit charges, increased operational costs (including remediation costs), harm to our reputation, inability to secure insurance, litigation, regulatory intervention or sanctions, or foregone business opportunities.","2026-06-27T07:02:08.133377Z","chiang","段落明確包含詐欺、內控失效與違反倫理標準。","2022-02-22",0.5053,"Business Ethics & Values",1486,"Business Ethics & Values",3.002,"Non-ESG","KEY_2022_RISK_013",6,"We are subject to a variety of operational risks.","III.  Operational Risk","KEY","2026-06-27T07:02:08.133385Z"
2982,"1","Human Capital","Human Capital","The loss of the services of Mr. Ralph Lauren or any other changes to our executive and senior management team may be disruptive to, or cause uncertainty in, our business.
Mr. Ralph Lauren's leadership in the design and marketing areas of our business has been a critical element of our success since the inception of our Company. Mr. R. Lauren is instrumental to, and closely identified with, our brand that bears his name. Our ability to maintain our brand image and leverage the goodwill associated with Mr. R. Lauren's name may be damaged if we were to lose his services. The death or disability of Mr. R. Lauren or other extended or permanent loss of his services, or any negative market or industry perception with respect to him or arising from his loss, could have a material adverse effect on our business. We also depend on the service and management experience of other key executive officers and members of senior management who have substantial experience and expertise in our industry and our business and have made significant contributions to our growth and success. Competition in our industry to attract and retain these employees is intense and is influenced by our reputation, our ability to offer competitive compensation and benefits, and economic conditions, among other factors. Any changes in our executive and senior management team, including those resulting from our restructuring actions, may be disruptive to, or cause uncertainty in, our business and future strategic direction. The departure of any key individuals and the failure to ensure a smooth transition and effective transfer of knowledge involving senior employees could hinder or delay our strategic planning and execution, as well as adversely affect our ability to attract and retain other experienced and talented employees. Such departures could also impede our ability to maintain an effective system of internal controls and compliance with the requirements under the Sarbanes-Oxley Act of 2002. Any such disruptions could have a material adverse impact on our business.","2026-06-27T07:02:20.031838Z","chiang","核心是關鍵高階人員流失、招募與留任。","2021-05-20",0.9694,"Corporate Governance",1487,"Human Capital",11.244,"Corporate Governance","RL_2021_RISK_018",7,"The loss of the services of Mr. Ralph Lauren or any other changes to our executive and senior management team may be disruptive to, or cause uncertainty in, our business.","Risks Related to our Business and Operations","RL","2026-06-27T07:02:20.031849Z"
2983,"1","Corporate Governance","Corporate Governance","INFORMATION ABOUT OUR EXECUTIVE OFFICERS
The following description of our executive officers is included as an unnumbered item in this Part I of this Annual Report in lieu of being included in our definitive proxy statement for our annual meeting of stockholders. Set forth below are the name, age, present title, and certain other information for each of our executive officers as of the filing date of this Annual Report. Each executive officer is appointed by our board of directors and holds his or her office until the earlier of his or her death, resignation, retirement, disqualification or removal.","2026-06-27T07:02:26.092088Z","chiang","高階主管由董事會任命，較接近治理資訊。","2021-11-19",0.9932,"Corporate Governance",1488,"Corporate Governance",5.446,"Non-ESG","BEN_2021_RISK_075",8,"INFORMATION ABOUT OUR EXECUTIVE OFFICERS","INFORMATION ABOUT OUR EXECUTIVE OFFICERS","BEN","2026-06-27T07:02:26.092097Z"
2984,"1","Product Liability","Product Liability","Business and Operational Risks
In addition, quality issues can impair our relationships with new or existing customers and adversely affect our brand and reputation, which could, in turn, adversely affect our results of operations.","2026-06-27T07:02:32.607514Z","chiang","產品品質影響客戶與品牌，符合產品品質風險。","2022-12-08",0.9817,"Non-ESG",1489,"Product Liability",5.895,"Non-ESG","HPE_2022_RISK_031",9,"Business and Operational Risks","Business and Operational Risks","HPE","2026-06-27T07:02:32.607524Z"
2985,"1","Product Liability","Product Liability","Risks Related to Our Business and Operations
Our Company’s reputation or brand image might be impacted as a result of issues or concerns relating to the quality and safety of our products, ingredients or packaging, human and workplace rights, and other environmental, social or governance matters, which in turn could result in litigation or otherwise negatively impact our operating results.","2026-06-27T07:02:34.914278Z","chiang","產品、原料與包裝品質安全是主要具體風險。","2022-02-18",0.5409,"Non-ESG",1490,"Product Liability",1.694,"Non-ESG","HSY_2022_RISK_006",10,"Risks Related to Our Business and Operations","Risks Related to Our Business and Operations","HSY","2026-06-27T07:02:34.914287Z"
2986,"1","Product Liability","Product Liability","Risks Related to Development, Clinical Testing and Regulation of Our Products and Product Candidates
Clinical trials and the development of biopharmaceutical products is a lengthy and complex process. If we fail to adequately manage our clinical activities, our clinical trials or potential regulatory approvals may be delayed or denied.","2026-06-27T07:02:36.879878Z","chiang","臨床試驗管理與產品核准屬產品品質／安全邊界。","2022-02-03",0.9805,"Non-ESG",1491,"Product Liability",1.317,"Non-ESG","BIIB_2022_RISK_101",11,"Risks Related to Development, Clinical Testing and Regulation of Our Products and Product Candidates","Risks Related to Intellectual Property","BIIB","2026-06-27T07:02:36.879888Z"
2987,"1","Non-ESG","Non-ESG","RESEARCH AND DEVELOPMENT
R&D is at the heart of fulfilling our purpose to deliver breakthroughs that change patients’ lives as we work to translate advanced science and technologies into the therapies that may be the most impactful for patients. The discovery and development of drugs, vaccines and biological products are time consuming, costly and unpredictable. In addition to discovering and developing new products, our R&D efforts seek to add value to our existing products by improving their effectiveness and ease of dosing and by discovering potential new indications. Our R&D Priorities and Strategy. Our R&D priorities include:•delivering a pipeline of highly differentiated medicines and vaccines where we have a unique opportunity to bring the most important new therapies to patients in need;•advancing our capabilities that can position us for long-term R&D leadership; and•advancing new models for partnerships with creativity, flexibility and urgency to deliver innovation to patients as quickly as possible. To that end, our R&D primarily focuses on our main therapeutic areas. While a significant portion of our R&D is internal, we also seek promising chemical and biological lead molecules and innovative technologies developed by others to incorporate into our discovery and development processes or projects, as well as our product lines. We do so by entering into collaboration, alliance and license agreements with universities, biotechnology companies and other firms as well as through acquisitions and investments. These collaboration, alliance and license agreements and investments allow us to share knowledge, risk and cost. They also enable us to access external scientific and technological expertise, as well as provide us the opportunity to advance our own products and in-licensed or acquired products. For information on certain of these collaborations, alliances and license arrangements and investments, see Note 2. Our R&D Operations.","2026-06-27T07:02:40.484313Z","chiang","主要是研發策略與合作模式，未聚焦產品安全或責任。","2022-02-24",0.475,"Non-ESG",1492,"Non-ESG",3.093,"Product Liability","PFE_2022_RISK_008",12,"RESEARCH AND DEVELOPMENT","RESEARCH AND DEVELOPMENT","PFE","2026-06-27T07:02:40.484324Z"
2988,"1","Non-ESG","Non-ESG","Regulatory, Legislative and Legal
The Company is subject to the jurisdiction of various regulatory agencies, including the STB, FRA, PHMSA, TSA, EPA and other state, provincial and federal regulatory agencies for a variety of economic, health, safety, labor, environmental, tax, legal and other matters. New or modified rules or regulations by these agencies could increase the Company's operating costs, adversely impact revenue or reduce operating efficiencies and affect service performance. Noncompliance with applicable laws or regulations could erode public confidence in the Company and can subject the Company to fines, penalties and other legal or regulatory sanctions.","2026-06-27T07:02:43.402875Z","chiang","廣泛法規變動與營運成本，缺乏明確倫理行為。","2022-02-16",0.7593,"Business Ethics & Values",1493,"Non-ESG",2.332,"Business Ethics & Values","CSX_2022_RISK_004",13,"Regulatory, Legislative and Legal","Regulatory, Legislative and Legal","CSX","2026-06-27T07:02:43.402884Z"
2989,"1","Non-ESG","Non-ESG","Legal Regulations and Compliance Risks
Agricultural production and trade flows are subject to government policies, mandates, regulations, and trade agreements, including taxes, tariffs, duties, subsidies, incentives, foreign exchange rates, and import and export restrictions, including policies related to genetically modified organisms, traceability standards, sustainable practices, product safety and labeling, renewable fuels, and low carbon fuel mandates. These policies can influence the planting of certain crops; the location and size of crop production; whether unprocessed or processed commodity products are traded; the volume and types of imports and exports; the availability and competitiveness of feedstocks as raw materials; the viability and volume of production of certain of the Company’s products; and industry profitability. For example, changes in government policies or regulations of ethanol and biodiesel including, but not limited to, changes in the Renewable Fuel Standard program under the Energy Independence and Security Act of 2007 in the United States, including the treatment of small refinery exemptions, can have an impact on the Company’s operating results. International trade regulations can adversely affect agricultural commodity trade flows by limiting or disrupting trade between countries or regions. Regulations of financial markets and instruments, including the Dodd-Frank Act, Consumer Protection Act, and the European Market Infrastructure Regulation, create uncertainty and may lead to additional risks and costs, and could adversely affect the Company’s futures commission merchant business and its agricultural commodity risk management practices. Future government policies may adversely affect the supply of, demand for, and prices of the Company’s products; adversely affect the Company’s ability to deploy adequate hedging programs; restrict the Company’s ability to do business in its existing and target markets; and adversely affect the Company’s revenues and operating results.","2026-06-27T07:02:47.377805Z","chiang","低碳燃料只占廣泛農業與貿易政策的一部分，主題是否以氣候為主有疑義。","2022-02-17",0.752,"Climate Change",1494,"Non-ESG",3.415,"Climate Change","ADM_2022_RISK_015",14,"Legal Regulations and Compliance Risks","Legal Regulations and Compliance Risks","ADM","2026-06-27T07:02:47.377813Z"
2990,"1","Business Ethics & Values","Non-ESG","Legal and Regulatory Risks
Changes to these and other areas in relation to international tax reform, including future actions taken by foreign governments in response to the Tax Act, could increase uncertainty and may adversely affect our tax rate and cash flow in future years. Our income and non-income tax filings are subject to review or audit by the Internal Revenue Service and state, local and foreign taxing authorities. We exercise significant judgment in determining our worldwide provision for income taxes and, in the ordinary course of our business, there may be transactions and calculations where the ultimate tax determination is uncertain. We may also be liable for potential tax liabilities of businesses we acquire, including future taxes payable related to the transition tax on earnings from their foreign operations, if any, under the Tax Act. Although we believe our tax estimates are reasonable, the final determination in an audit may be materially different than the treatment reflected in our historical income tax provisions and accruals. An assessment of additional taxes because of an audit could adversely affect our income tax provision and net income in the periods for which that determination is made. In July 2017, the Hungarian Tax Authority (HTA) issued a final assessment against our Hungarian subsidiary (Synopsys Hungary) for fiscal years 2011 through 2013. The HTA has applied withholding taxes on certain payments made to affiliates, resulting in an aggregate tax assessment of approximately $25.0 million and interest and penalties of $11.0 million. We paid the tax assessments, penalties and interest in the first quarter of fiscal 2018 as required by law and recorded these amounts as prepaid taxes on our balance sheet. On April 30, 2019, the Hungarian Administrative Court (the Administrative Court) ruled against Synopsys Hungary. We filed an appeal with the Hungarian Supreme Court on July 5, 2019.","2026-06-27T07:03:08.339575Z","chiang","稅務估計與稅務稽核通常屬一般財稅風險。","2021-12-13",0.929,"Non-ESG",1495,"Business Ethics & Values",38.356,"Non-ESG","SNPS_2021_RISK_054",15,"Legal and Regulatory Risks","Legal and Regulatory Risks","SNPS","2026-06-27T07:03:29.786948Z"
2991,"1","Product Liability","Product Liability","The COVID-19 pandemic has subjected our business, operations and financial condition to a number of risks, and those risks may intensify or last for an extended period of time.
This expanded risk increases the complexity of our business and places significant responsibility on our management, employees, operations, systems, technical expertise, financial resources, and internal financial and regulatory control and reporting functions. In addition, new initiatives we test through trials and pilots may not scale or grow effectively or as we expected, which could limit our growth and negatively affect our operating results. They may also involve significant laws or regulations that are beyond our current expertise. In fiscal 2021 we continued to invest in our health strategy and our underlying purpose to enrich lives through technology. The new health-related services offered might expose us to liability risk resulting from failures in the fulfillment of these services. In addition, the services and systems used could expose us to customer data privacy and information security risks, as well as business or system interruption risks. These and other related issues could have a material adverse impact on our financial results. Our focus on services as a strategic priority exposes us to certain risks that could have a material adverse impact on our revenue and profitability as well as our reputation. We offer a full range of services that complement our product offerings, including consultation, delivery, design, installation, memberships, protection plans, repair, set-up, technical support, and health, safety and caregiving monitoring and support. Designing, marketing and executing these services is subject to incremental risks.","2026-06-27T07:03:51.919308Z","chiang","健康服務責任、客戶隱私與資訊安全均指向產品責任。","2021-03-19",0.8457,"Product Liability",1496,"Product Liability",9.343,"Community Relations","BBY_2021_RISK_011",16,"The COVID-19 pandemic has subjected our business, operations and financial condition to a number of risks, and those risks may intensify or last for an extended period of time.","External Risks","BBY","2026-06-27T07:03:51.919319Z"
2992,"1","Non-ESG","Non-ESG","RISKS RELATED TO OUR BUSINESS
Our growth strategy includes the pursuit of targeted inorganic growth opportunities that we believe will provide a strategic fit, leverage operational synergies, and lead to incremental earnings accretion. For example, in September 2023 we closed on our acquisition of My Choice Wisconsin and in January 2024 we closed on the acquisition of Bright Health Medicare. The integration of acquired businesses with our existing business is a complex, costly and time-consuming process. The success of acquisitions we make will depend, in part, on our ability to successfully combine our existing business with such acquired businesses and realize the anticipated benefits, including synergies, cost savings, growth in earnings, innovation, and operational efficiencies, from the combinations. If we are unable to achieve these objectives within the anticipated time frame, or at all, the anticipated benefits may not be fully realized, or may take longer to realize than expected.","2026-06-27T07:03:56.247406Z","chiang","併購整合與綜效實現是一般策略與營運風險。","2024-02-13",0.9702,"Non-ESG",1497,"Non-ESG",3.86,"Corporate Governance","MOH_2024_RISK_012",17,"RISKS RELATED TO OUR BUSINESS","RISKS RELATED TO OUR BUSINESS","MOH","2026-06-27T07:03:56.247416Z"
2993,"1","Natural Capital","Non-ESG","Supply chain disruptions, geopolitical developments or climate-change events may adversely affect our suppliers or our procurement of raw materials, and thus may impact our business and financial results.
In connection with our manufacturing of our products, we often rely on third party suppliers for raw materials. We use many different raw materials for our business, such as essential oils, extracts and concentrates derived from fruits, vegetables, flowers, woods and other botanicals, animal products, raw fruits, organic chemicals and petroleum-based chemicals, as well as, gelatin, glycols, cellulose processed grains, guar, locust bean gum, organic vegetable oils, peels, saccharides, seaweed, soybeans, and sugars and yeasts. Supply chain disruptions, such as the ones related to the COVID-19 pandemic, may impair or delay our ability to obtain sufficient quantities of certain raw materials through our ordinary supply channels and cause us to incur higher costs by procuring raw materials from other sources in order to compensate for such delays or lack of availability. In addition, our suppliers, similar to us, are subject to risks, inherent in agriculture, manufacturing and distribution on a global scale, including industrial accidents, environmental events, climate change, strikes and other labor disputes, disruptions in supply chain or information systems, disruption or loss of key research or manufacturing sites, product quality control, safety and environmental compliance issues, licensing requirements and other regulatory issues, as well as natural disasters, global or local health crisis, international conflicts, terrorist acts, geopolitical developments, trade wars, and other external factors over which neither they nor we have control. These suppliers also could become insolvent or experience other financial distress. For example, in 2017, a fire at the manufacturing facility of BASF Group (“BASF”), one of our suppliers, caused them to declare a force majeure event which resulted in industry disruption due to the lack of availability of certain ingredients used in many fragrance compounds.","2026-06-27T07:04:09.759407Z","chiang","原料供應雖涉及天然資源，但主要描述一般第三方供應鏈依賴。","2022-02-28",0.4464,"Product Liability",1498,"Non-ESG",12.979,"Non-ESG","IFF_2022_RISK_006",18,"Supply chain disruptions, geopolitical developments or climate-change events may adversely affect our suppliers or our procurement of raw materials, and thus may impact our business and financial results.","Risks Related to Our Business and Industry","IFF","2026-06-27T07:04:09.759418Z"
2994,"1","Product Liability","Product Liability","RISKS RELATED TO OUR OPERATIONS
Consumers’ preferences continually evolve due to a variety of factors, including changing demographics of the population, social trends, changes in consumer lifestyles and consumption patterns, concerns or perceptions regarding the health effects of products, concerns regarding the location of origin or source of ingredients and products, changes in consumers' spending habits, negative publicity, economic downturn or other factors. For example, consumers are increasingly concerned about health and wellness, focusing on the caloric intake associated with regular CSDs, the use of artificial sweeteners in diet CSDs, and the use of natural, organic or simple ingredients in beverages. The demand for CSDs has therefore decreased as consumers have shifted towards NCBs, such as water, ready-to-drink coffee and teas, and sports drinks. If we do not effectively anticipate and respond to these changing trends and consumer beverage preferences, our sales and growth could suffer. Consumers are also increasingly focused on sustainability, with particular attention to the recyclability of product packaging, reducing consumption of single-use plastics and non-recyclable materials, and the environmental impact of manufacturing operations. If we do not meet consumer demands by continuing to provide recyclable packaging options and focusing on sustainability throughout our manufacturing operations, our sales could suffer. In addition, consumer shopping behavior is rapidly evolving due to both changes in travel, vacation and leisure activity patterns and the acceleration of e-commerce and other methods of purchasing products. If we are unable to meet the consumer where and when they desire their products or if we are unable to respond to changes in distribution channels (including e-commerce), our financial results could be adversely impacted. If we do not innovate rapidly and successfully to respond to shifting consumer demands, our business may suffer.","2026-06-27T07:04:25.368793Z","chiang","健康認知與人口變化符合健康及人口風險。","2022-02-24",0.7387,"Product Liability",1499,"Product Liability",14.984,"Non-ESG","KDP_2022_RISK_013",19,"RISKS RELATED TO OUR OPERATIONS","RISKS RELATED TO OUR OPERATIONS","KDP","2026-06-27T07:04:25.368813Z"
2995,"1","Non-ESG","Non-ESG","RISKS RELATED TO OUR INDEBTEDNESS
Upon the occurrence of a “change of control,” as defined in our indentures, we will be required to offer to repurchase all of our outstanding senior notes. However, it is possible that we will not have sufficient funds at the time of a change of control to make the required repurchase of any outstanding notes or that restrictions in our Credit Agreement will not allow such repurchases. Certain important corporate events, however, such as leveraged recapitalizations that would increase the level of our indebtedness, would not constitute a “change of control” under our indentures.","2026-06-27T07:04:29.730722Z","chiang","債券控制權變更條款主要是融資與負債風險。","2022-02-24",0.6011,"Non-ESG",1500,"Non-ESG",3.782,"Corporate Governance","IRM_2022_RISK_055",20,"RISKS RELATED TO OUR INDEBTEDNESS","RISKS RELATED TO OUR INDEBTEDNESS","IRM","2026-06-27T07:04:29.730734Z"
2996,"1","Non-ESG","Non-ESG","Risks Related to Our Business
We urge our stockholders to consult with their legal and tax advisors with respect to any such legislation and the potential tax consequences of investing in our common stock.","2026-06-27T07:04:36.015944Z","chiang","只有投資普通股的稅務建議，治理內容不足。","2022-02-25",0.9539,"Corporate Governance",1501,"Non-ESG",5.657,"Corporate Governance","IR_2022_RISK_046",21,"Risks Related to Our Business","Risks Related to Our Business","IR","2026-06-27T07:04:36.015955Z"
2997,"1","Product Liability","Product Liability","Our operations depend on compliance with complex FDA and comparable international regulations. Failure to obtain broad approvals on a timely basis or to maintain compliance could delay or halt commercialization of our products.
Failure to comply with these or other requirements imposed by FDA could result in significant civil monetary penalties, fines, suspensions of regulatory approvals, product recalls, seizure of products and criminal prosecutions.","2026-06-27T07:04:40.555802Z","chiang","FDA 核准、召回與產品扣押直接涉及產品安全及品質。","2022-02-23",0.4858,"Non-ESG",1502,"Product Liability",3.814,"Business Ethics & Values","GILD_2022_RISK_023",22,"Our operations depend on compliance with complex FDA and comparable international regulations. Failure to obtain broad approvals on a timely basis or to maintain compliance could delay or halt commercialization of our products.","Regulatory and Other Legal Risks","GILD","2026-06-27T07:04:40.555815Z"
2998,"1","Business Ethics & Values","Non-ESG","We are subject to the risk of increased taxes.
Several jurisdictions in which we operate have tax laws with detailed transfer pricing rules that require that all transactions with non-resident related parties be priced using arm’s length pricing principles, and that contemporaneous documentation must exist to support such pricing. There is a risk that the taxing authorities may not deem our transfer pricing documentation acceptable. In addition, the Organization for Economic Cooperation and Development continues to issue guidelines and proposals related to Base Erosion and Profit Shifting which may result in legislative changes that could reshape international tax rules in numerous countries and negatively impact our effective tax rate.","2026-06-27T07:04:52.836096Z","chiang","移轉訂價與稅務爭議屬一般稅務風險。","2021-10-22",0.8583,"Non-ESG",1503,"Non-ESG",11.655,"Non-ESG","JBL_2021_RISK_044",23,"We are subject to the risk of increased taxes.","Financial Risks","JBL","2026-06-27T07:04:52.836106Z"
2999,"1","Business Ethics & Values","Non-ESG","Regulatory, Tax, Litigation and Legal Compliance Risks
From time to time, we are subject to litigation and other legal and regulatory proceedings relating to our business or investigations or other actions by governmental agencies, including as described in Part I, Item 3. Legal Proceedings, of this report. In addition, the Company is subject to an increased risk of litigation and other proceedings as a result of the COVID-19 pandemic and responsive measures. For example, the Company is involved in litigation relating to its vaccination requirements for employees. No assurances can be given that the results of these or new matters will be favorable to us. An adverse resolution of lawsuits, arbitrations, investigations or other proceedings or actions could have a material adverse effect on our financial condition and operating results, including as a result of non-monetary remedies, and could also result in adverse publicity. Defending ourselves in these matters may be time-consuming, expensive and disruptive to normal business operations and may result in significant expense and a diversion of management's time and attention from the operation of our business, which could impede our ability to achieve our business objectives. Additionally, any amount that we may be required to pay to satisfy a judgment, settlement, fine or penalty may not be covered by insurance. If we fail to comply with the terms contained in any settlement, order or agreement with a governmental authority relating to these matters, we could be subject to criminal or civil penalties, which could have a material adverse impact on the Company. Under our charter and certain indemnification agreements that we have entered into (and may in the future enter into) with our officers, directors and certain third parties, we could be required to indemnify and advance expenses to them in connection with their involvement in certain actions, suits, investigations and other proceedings. Any of these payments may be material.","2026-06-27T07:05:00.791330Z","chiang","一般訴訟與政府調查，未清楚指出倫理不當行為。","2022-02-18",0.4511,"Business Ethics & Values",1504,"Non-ESG",7.407,"Non-ESG","UAL_2022_RISK_056",24,"Regulatory, Tax, Litigation and Legal Compliance Risks","Human Capital Management Risks","UAL","2026-06-27T07:05:00.791340Z"
3000,"1","Corporate Governance","Corporate Governance","Holders of our common stock may receive dividends that vary from anticipated amounts, or no dividends at all.
We may not have sufficient cash each quarter to pay dividends or maintain current or expected levels of dividends. The actual amount of cash we pay in the form of dividends may fluctuate from quarter to quarter and will depend on various factors, some of which are beyond our control, including our working capital needs, our ability to borrow, the restrictions contained in our indentures and credit facility, our debt service requirements and the cost of acquisitions, if any.  A failure either to pay dividends or to pay dividends at expected levels could result in a loss of investor confidence, reputational damage and a decrease in the value of our stock price.","2026-06-27T07:05:12.158978Z","chiang","股利政策與普通股持有人權益屬股東治理邊界。","2022-03-01",0.6253,"Non-ESG",1505,"Corporate Governance",10.884,"Non-ESG","OKE_2022_RISK_042",25,"Holders of our common stock may receive dividends that vary from anticipated amounts, or no dividends at all.","GENERAL RISK FACTORS","OKE","2026-06-27T07:05:12.158991Z"
3001,"1","Business Ethics & Values","Product Liability","Litigation and Regulatory Risks
We recorded a charge of $6.6 billion in the fiscal year ended September 30, 2020 related to the proposed global settlement and other related opioid litigation and recorded an additional $147.7 million accrual in the fiscal year ended September 30, 2021 in connection with the proposed settlement agreement and related obligations and other opioid-related litigation. Until such time as a plaintiff participates in a global settlement or otherwise resolves its lawsuit, we will continue to litigate and prepare for trial in the cases pending in the MDL, those remanded from the MDL to federal district courts, as well as in state courts where lawsuits have been filed, and we intend to continue to vigorously defend ourselves in all such cases. Since these matters are still developing, we are unable to predict the outcome, but the result of these lawsuits could include excessive monetary verdicts and/or injunctive relief, including changes to our anti-diversion programs, that may affect how we operate our business. Further, any final settlement amongst parties may differ materially from our advanced discussions related to global resolution of the MDL. The inability to reach a global settlement of the MDL and adverse resolution of any of these lawsuits or investigations could have a material adverse effect on our business, results of operations, and cash flows and could result in a lower than historical level of capital available for deployment, including a lower level of capital returned to stockholders.","2026-06-27T07:05:32.462772Z","chiang","鴉片類藥物訴訟可視為產品傷害，也可視為重大爭議事件。","2021-11-23",0.5769,"Non-ESG",1506,"Product Liability",19.666,"Product Liability","COR_2021_RISK_050",26,"Litigation and Regulatory Risks","Litigation and Regulatory Risks","COR","2026-06-27T07:05:32.462781Z"
3002,"1","Corporate Governance","Non-ESG","Risks Relating to Compliance and the Regulatory Environment
The Company may be subject to more stringent capital and liquidity requirements. Bank holding companies, including M&T, are subject to capital and liquidity requirements and standards imposed as a result of the Dodd-Frank Act (as amended by EGRRCPA) and the U.S. Basel III-based capital rules. For additional information, see “Capital Requirements” under Part I, Item 1 — Business. Regulators have implemented and may, from time to time, implement changes to these regulatory capital adequacy and liquidity requirements. If the Company fails to meet these minimum capital adequacy and liquidity requirements and other regulatory requirements, its business activities, including lending, and its ability to expand, either organically or through acquisitions, could be limited. It could also result in M&T being required to take steps to increase its regulatory capital that may be dilutive to shareholders or limit its ability to pay dividends or otherwise return capital to shareholders, or sell or refrain from acquiring assets. In addition, the liquidity-related provisions of the Federal Reserve’s liquidity-related enhanced prudential supervision requirements may reduce the Company’s ability to invest in other longer-term assets even if deemed more desirable from a balance sheet management perspective, which could adversely affect its net interest income and net interest margin. The federal bank regulators have not yet released a proposal to implement the significant revisions of the Basel capital framework announced by the Basel Committee in December 2017, and the impact on the Company of these revisions will depend on the manner in which they are implemented in the U.S. with respect to firms such as M&T.","2026-06-27T07:05:40.852430Z","chiang","銀行資本與流動性要求主要是金融監管風險。","2023-02-22",0.8441,"Non-ESG",1507,"Non-ESG",7.629,"Non-ESG","MTB_2023_RISK_035",27,"Risks Relating to Compliance and the Regulatory Environment","Market Risk","MTB","2026-06-27T07:05:40.852450Z"
3003,"1","Climate Change","Climate Change","Adverse worldwide economic or other conditions could reduce the demand for cruises and passenger spending, adversely impacting our operating results, cash flows and financial condition including impairing the value of our goodwill, ships,
Natural disasters (e.g. earthquakes, volcanos, wildfires), weather and/or climate events (including hurricanes and typhoons) could impact our source markets and operations resulting in travel restrictions, guest cancellations, an inability to source our crew or our provisions and supplies from certain places. We are often forced to alter itineraries and occasionally cancel a cruise or a series of cruises or to redeploy our ships due to these types of events, which could have an adverse effect on our sales, operating costs and profitability in the current and future periods. Increases in the frequency, severity or duration of these types of events could exacerbate their impact and disrupt our operations or make certain destinations less desirable or unavailable, impacting our revenues and profitability further. Any of the foregoing could have an adverse impact on our results of operations and on industry performance.","2026-06-27T07:05:47.734054Z","chiang","段落明列氣候事件影響旅運與營運。","2022-03-01",0.9533,"Non-ESG",1508,"Climate Change",6.297,"Non-ESG","RCL_2022_RISK_040",28,"Adverse worldwide economic or other conditions could reduce the demand for cruises and passenger spending, adversely impacting our operating results, cash flows and financial condition including impairing the value of our goodwill, ships,","COVID-19 and Financial Risks","RCL","2026-06-27T07:05:47.734066Z"
3004,"1","Climate Change","Climate Change","Macroeconomic and Industry Risks
There can be no assurances we will achieve our emission reduction targets or aspirations, or that the associated costs will not be higher than expected, or that the regulatory landscape will not have a negative impact on our results of operations, financial condition, and liquidity. Government mandates may lead to the premature adoption of unproven and unreliable technology, which could negatively affect operational reliability, customer service and supply chain continuity. Our Business, Financial Condition, and Results of Operations Have Been Adversely Affected, and in The Future, Could Be Materially Adversely Affected by Pandemics or Other Public Health Crises – Pandemics, epidemics, and other outbreaks of disease can have significant and widespread impacts. As we saw during the peaks of the COVID pandemic, outbreaks of disease can cause a global slowdown of economic activity (including the decrease in demand for a broad variety of goods), disruptions in global supply chains, and significant volatility and disruption of financial markets, resulting further in adverse effects on workforces, customers, and regional and local economies.","2026-06-27T07:06:12.607420Z","chiang","減排目標與相關監管成本直接屬氣候變遷。","2025-02-07",0.3785,"Human Capital",1509,"Climate Change",24.341,"Non-ESG","UNP_2025_RISK_016",29,"Macroeconomic and Industry Risks","Macroeconomic and Industry Risks","UNP","2026-06-27T07:06:12.607432Z"
3005,"1","Corporate Governance","Non-ESG","Risks Related to our REIT Status and Certain Other Tax Items
We believe that we have been organized and have operated in conformity with the requirements for qualification and taxation as a REIT and that our current organization and proposed method of operation enable us to continue to qualify as a REIT. However, qualification as a REIT involves the application of highly technical and complex Code provisions for which only a limited number of judicial or administrative interpretations exist, and we cannot assure you that we qualify or that we will remain qualified as a REIT. Our qualification as a REIT depends upon our satisfaction of certain asset, income, organizational, distribution, stockholder ownership, and other requirements on a continuing basis, and even a technical or inadvertent violation of these requirements could jeopardize our REIT qualification. In addition, our qualification as a REIT may depend upon the qualification as a REIT of certain subsidiary entities of our investments in unconsolidated joint ventures that have also elected to be treated as a REIT.","2026-06-27T07:07:02.651554Z","chiang","REIT 資格與稅法測試主要是稅務風險。","2024-02-21",0.5502,"Corporate Governance",1510,"Non-ESG",49.522,"Non-ESG","INVH_2024_RISK_135",30,"Risks Related to our REIT Status and Certain Other Tax Items","Risks Related to Our Indebtedness","INVH","2026-06-27T07:07:02.651565Z"
3006,"1","Business Ethics & Values","Business Ethics & Values","Risks related to operating in foreign jurisdictions
A significant portion of our operations are conducted in foreign jurisdictions, including jurisdictions presenting a high risk of bribery and corruption, and are subject to the economic, political, legal and business environments of the countries in which we do business.","2026-06-27T07:07:33.053124Z","chiang","明確指出賄賂與貪腐風險。","2022-02-15",0.5554,"Non-ESG",1511,"Business Ethics & Values",29.814,"Non-ESG","ZTS_2022_RISK_131",31,"Risks related to operating in foreign jurisdictions","Risks related to manufacturing","ZTS","2026-06-27T07:07:33.053135Z"
3007,"1","Corporate Governance","Corporate Governance","Sales or issuances of shares of our common stock may adversely affect the market price of our common stock.
Future sales or issuances of common stock or other equity related securities may adversely affect the market price of our common stock, including any shares of our common stock issued to finance capital expenditures, finance acquisitions or repay debt. In October 2020, we established an ""at the market"" equity offering program (the ""2020 ATM Program"") in the amount of $1.5 billion under which we may, from time to time, issue and sell shares of our common stock to or through sales agents up to established limits. As of December 31, 2021, we had $1.0 billion available for sale under the 2020 ATM Program. We expect to refresh our ATM program periodically, which could lead to additional dilution for our stockholders in the future. We may also seek authorization to sell additional shares of common stock through other means which could lead to additional dilution for our stockholders. Please see Note 12 within the Consolidated Financial Statements of this Annual Report on Form 10-K for sales of our common stock under our ATM programs.","2026-06-27T07:08:02.582938Z","chiang","股票發行與普通股股東直接涉及所有權結構。","2022-02-18",0.9471,"Non-ESG",1512,"Corporate Governance",28.921,"Non-ESG","EQIX_2022_RISK_052",32,"Sales or issuances of shares of our common stock may adversely affect the market price of our common stock.","Risks Related to Our Expansion Plans","EQIX","2026-06-27T07:08:02.582950Z"
3008,"1","Business Ethics & Values","Business Ethics & Values","Risks Related to Our Business Model and Capital Structure
We are subject to the risks of additional government actions in the event we were to breach the terms of any settlement arrangement into which we have entered.","2026-06-27T07:09:38.070825Z","chiang","違反和解條款與政府處分具有倫理爭議成分。","2022-08-05",0.9477,"Non-ESG",1513,"Business Ethics & Values",94.792,"Non-ESG","KLAC_2022_RISK_104",33,"Risks Related to Our Business Model and Capital Structure","Risks Related to Our Business Model and Capital Structure","KLAC","2026-06-27T07:09:38.070838Z"
3009,"1","Human Capital","Human Capital","Risks Related to Our Personnel and Growth
Our success depends substantially on the continuing efforts of our senior executives and other key personnel, and our business may be severely disrupted if we lose their services.","2026-06-27T07:09:47.833089Z","chiang","關鍵人員留任是典型人力資本風險。","2022-02-25",0.6613,"Non-ESG",1514,"Human Capital",9.065,"Non-ESG","EPAM_2022_RISK_011",34,"Risks Related to Our Personnel and Growth","Risks Related to COVID-19","EPAM","2026-06-27T07:09:47.833106Z"
3010,"1","Human Capital","Human Capital","Business and Operational Risks
Increasing employee benefit costs and funding requirements could have a negative effect on our operating results and financial condition.","2026-06-27T07:09:52.631666Z","chiang","員工福利成本直接屬人力資本管理。","2021-11-09",0.9874,"Non-ESG",1515,"Human Capital",4.206,"Non-ESG","ROK_2021_RISK_025",35,"Business and Operational Risks","Business and Operational Risks","ROK","2026-06-27T07:09:52.631675Z"
3011,"1","Pollution & Waste","Non-ESG","Risks Relating to Strategic Transactions
Our operations expose us to the risk of material environmental liabilities, litigation, government enforcement actions, and reputational risk.","2026-06-27T07:10:19.254633Z","chiang","僅泛稱環境責任，未具體描述污染、廢棄物或排放。","2021-11-09",0.9176,"Non-ESG",1516,"Non-ESG",25.941,"Non-ESG","TEL_2021_RISK_035",36,"Risks Relating to Strategic Transactions","","TEL","2026-06-27T07:10:19.254643Z"
3012,"1","Business Ethics & Values","Non-ESG","—Government and commercial payer actions outside the United States have affected and will continue to affect access to and sales of our products
We are subject to income and other taxes in the United States and other jurisdictions in which we do business. As a result, our provision for income taxes is derived from a combination of applicable tax rates in the various places we operate. Significant judgment is required for determining our provision for income tax. One or more of our legal entities file income tax returns in the U.S. federal jurisdiction, various U.S. state jurisdictions and certain foreign jurisdictions. Our income tax returns are routinely examined by tax authorities in those jurisdictions. Significant disputes can arise with tax authorities involving issues regarding the timing and amount of deductions, the use of tax credits and allocations of income and expenses among various tax jurisdictions because of differing interpretations of tax laws, regulations and relevant facts, and such tax authorities (including the IRS) are becoming more aggressive in their audits and are particularly focused on such matters. In 2017, we received an RAR and a modified RAR from the IRS for the years 2010, 2011 and 2012, proposing significant adjustments that primarily relate to the allocation of profits between certain of our entities in the United States and the U.S. territory of Puerto Rico. We disagreed with the proposed adjustments and calculations and pursued resolution with the IRS administrative appeals office but were unable to reach resolution. In July 2021, we filed a petition in the U.S. Tax Court to contest two duplicate Statutory Notices of Deficiency (Notices) for 2010, 2011 and 2012 that we received in May and July 2021 which seek to increase our U.S. taxable income. We firmly believe that the IRS’s positions set forth in the Notices are without merit, and are contesting the Notices through the judicial process. See Part II, Item 7.","2026-06-27T07:10:26.140435Z","chiang","段落主體是跨國所得稅估計，通常屬一般財稅風險。","2022-02-16",0.8661,"Non-ESG",1517,"Non-ESG",6.244,"Non-ESG","AMGN_2022_RISK_045",37,"—Government and commercial payer actions outside the United States have affected and will continue to affect access to and sales of our products","General Risk Factors","AMGN","2026-06-27T07:10:26.140443Z"
3013,"1","Corporate Governance","Corporate Governance","Risks Related to Ownership of Our Common Stock
We are a holding company and our only material assets are our equity interests in our subsidiaries. As a consequence, we depend on the ability of our subsidiaries to pay dividends and make other payments and distributions to us in order to meet our obligations.","2026-06-27T07:23:21.243917Z","chiang","控股公司與子公司股利依賴涉及所有權結構，但也可視為一般財務風險。","2025-02-24",0.9261,"Non-ESG",1518,"Corporate Governance",774.399,"Non-ESG","KVUE_2025_RISK_149",38,"Risks Related to Ownership of Our Common Stock","Risks Related to Financial and Economic Market Conditions","KVUE","2026-06-27T07:23:21.243926Z"
3014,"1","Human Capital","Human Capital","Legal and Regulatory Risks
Our business is subject to complex and stringent state and federal regulations, including employment laws and regulations, minimum wage requirements, overtime requirements, working condition requirements, citizenship requirements, transportation and other laws and regulations. In particular, we are subject to the regulations promulgated by the U.S. Department of Transportation (USDOT) and under the Occupational Safety and Health Act of 1970, as amended (OSHA Act). We have incurred, and will continue to incur, capital and operating expenditures and other costs in the ordinary course of our business in complying with the USDOT regulations, the OSHA Act and other laws and regulations to which we are subject. Changes in laws, regulations and the related interpretations, including any laws or regulations that may be enacted by the current U.S. presidential administration and Congress, may alter the landscape in which we do business and may affect our costs of doing business. The impact of new laws and regulations cannot be predicted. Compliance with new laws and regulations may increase our operating costs or require significant capital expenditures. Any failure to comply with applicable laws or regulations could result in substantial fines by government authorities, payment of damages to private litigants, or possible revocation of our authority to conduct our operations, which could adversely affect our ability to service customers and our consolidated results of operations.","2026-06-27T07:23:28.874433Z","chiang","就業、工時、工作條件與職安法規均屬人力資本。","2021-07-28",0.4704,"Business Ethics & Values",1519,"Human Capital",6.985,"Business Ethics & Values","CTAS_2021_RISK_030",39,"Legal and Regulatory Risks","Legal and Regulatory Risks","CTAS","2026-06-27T07:23:28.874444Z"
3015,"1","Climate Change","Climate Change","Risks related to regulatory or legal challenges
Our manufacturing operations are subject to environmental laws and regulations and initiatives to address climate change.","2026-06-27T07:23:35.343164Z","blance","明確提及因應氣候變遷的環境法規與倡議。","2025-02-20",0.9946,"Climate Change",1520,"Climate Change",5.833,"Non-ESG","NXPI_2025_RISK_049",1,"Risks related to regulatory or legal challenges","Risks related to our business operations","NXPI","2026-06-27T07:23:35.343173Z"
3016,"1","Climate Change","Climate Change","Risks Related to Our Company, Business and Operations
Climate change, or legal, regulatory or market measures to address climate change, may negatively affect our business, financial condition and results of operations.","2026-06-27T07:23:40.410607Z","blance","段落主體直接是氣候變遷及其法規、市場措施。","2026-01-22",0.9936,"Climate Change",1521,"Climate Change",4.285,"Non-ESG","MKC_2026_RISK_037",2,"Risks Related to Our Company, Business and Operations","","MKC","2026-06-27T07:23:40.410616Z"
3017,"1","Climate Change","Climate Change","Industry Specific Risk Factors
Emerging customer preferences for greater product transparency and less GHG intensive materials may put us at a competitive disadvantage or reduce demand for our products.","2026-06-27T07:23:44.086188Z","blance","溫室氣體密集度與低碳材料偏好屬氣候轉型風險。","2022-02-28",0.9938,"Climate Change",1522,"Climate Change",2.839,"Non-ESG","NUE_2022_RISK_018",3,"Industry Specific Risk Factors","Industry Specific Risk Factors","NUE","2026-06-27T07:23:44.086202Z"
3018,"1","Climate Change","Climate Change","Risks Related to Legal and Regulatory Matters
We may be adversely affected by global climate change or by legal, regulatory or market responses to such change.","2026-06-27T07:23:48.268410Z","blance","明確陳述全球氣候變遷及其政策、市場回應。","2022-01-31",0.992,"Climate Change",1523,"Climate Change",3.558,"Non-ESG","BA_2022_RISK_047",4,"Risks Related to Legal and Regulatory Matters","Risks Related to Our Contracts","BA","2026-06-27T07:23:48.268420Z"
3019,"1","Climate Change","Climate Change","Risks Relating to Our Business and Industry
Our business may be adversely impacted by climate-related events, natural disasters, including wildfires, and other unforeseen events.","2026-06-27T07:23:52.482285Z","blance","明列氣候相關事件與野火對營運的影響。","2025-03-14",0.9748,"Climate Change",1524,"Climate Change",3.503,"Non-ESG","CCI_2025_RISK_043",5,"Risks Relating to Our Business and Industry","Risks Relating to Our Business and Industry","CCI","2026-06-27T07:23:52.482315Z"
3020,"1","Climate Change","Climate Change","Risks Related to our Business and Industry
Our corporate headquarters, including certain of our research and development operations are located in the Silicon Valley area of Northern California, a region known for seismic activity. Additionally, a certain number of our facilities are located near rivers that have experienced flooding in the past. Also certain of our customers, suppliers and logistics centers are located in regions that have been or may be affected by earthquake, tsunami and flooding or other weather-related activity which in the past has disrupted, and in the future could disrupt, the flow of supply chain components and delivery of products. In addition, global climate change may result in significant natural disasters occurring more frequently and/or with greater intensity, such as drought, wildfires, storms, sea-level rise, changing precipitation, and flooding. We have not to date experienced a material event as a result of these kinds of natural disasters; however, the occurrence of any such event in the future could have a material adverse impact on our business, operating results, and financial condition.","2026-06-27T07:23:55.902727Z","blance","明確連結全球氣候變遷與災害頻率、強度。","2023-09-07",0.9134,"Climate Change",1525,"Climate Change",2.55,"Non-ESG","CSCO_2023_RISK_067",6,"Risks Related to our Business and Industry","Risks Related to our Business and Industry","CSCO","2026-06-27T07:23:55.902736Z"
3021,"1","Pollution & Waste","Pollution & Waste","Risks Related to Our Business and Operations
We purchase or collect and process recyclable materials such as paper, cardboard, plastics, aluminum and other metals for sale to third parties. Our results of operations may be affected by changing prices or market requirements for recyclable materials. The resale and purchase prices of, and market demand for, recyclable materials are volatile due to changes in economic conditions and numerous other factors beyond our control. For instance, several states have passed legislation commonly referred to as Extended Producer Responsibility. These laws are intended to shift the cost of recycling from consumers to producers while also mandating increased supply, which could lead to lower commodity prices. Significant price fluctuations or increased operating costs may affect our consolidated financial condition, results of operations and cash flows. At current volumes and mix of materials, we believe a $10 per ton change in the price of recycled commodities change both annual revenue and operating income by approximately $13 million. Accordingly, a substantial rise or drop in recycled commodity prices could materially affect our revenue and operating income. Although we have entered into hedging agreements to help offset volatility in recycled commodity prices in the past, we do not have any such hedging agreements currently, and we may not enter into these agreements in the future.","2026-06-27T07:23:58.863024Z","blance","回收材料與延伸生產者責任直接屬廢棄物／回收。","2026-02-18",0.4563,"Pollution & Waste",1526,"Pollution & Waste",2.378,"Non-ESG","RSG_2026_RISK_010",7,"Risks Related to Our Business and Operations","Risks Related to Our Business and Operations","RSG","2026-06-27T07:23:58.863033Z"
3022,"1","Product Liability","Product Liability","revenues that we generate by the health insurance exchanges and Medicaid expansion under the ACA are not material, so the impact of the change in law and similar recent administration actions is expected to be limited. Any future replacement, modification or repeal of the ACA may adversely affect our business and financial results, particularly if the legislation reduces incentives for employer-sponsored insurance coverage. We cannot predict how other future federal or state legislative or administrative changes relating to healthcare reform will affect our business. For additional information, refer to “Item 1. Business—Government Regulation” and “Item 1. Business—Pricing, Price Constraints and Market Access.”
Increased use of social media platforms presents risks and challenges. We are increasing our use of social media to communicate Company news and events. The inappropriate and/or unauthorized use of social media could cause brand damage or information leakage and may give rise to liability, including from the improper collection and/or dissemination of personally identifiable information from employees, patients, healthcare professionals or other stakeholders. In addition, negative or inaccurate posts or comments about us on any social networking website could damage our reputation, brand image and goodwill and may cause significant volatility in our stock price. Further, the disclosure of non-public Company-sensitive information by our workforce or others, whether intentional or unintentional, through external media channels could lead to loss of trade secrets or other intellectual property, as well as the Company’s commercially sensitive information.","2026-06-27T07:24:05.805263Z","blance","個資不當蒐集、散布與資訊洩漏屬隱私及資料安全。","2023-02-14",0.4983,"Human Capital",1527,"Product Liability",6.366,"Non-ESG","BMY_2023_RISK_037",8,"revenues that we generate by the health insurance exchanges and Medicaid expansion under the ACA are not material, so the impact of the change in law and similar recent administration actions is expected to be limited. Any future replacement, modification or repeal of the ACA may adversely affect our business and financial results, particularly if the legislation reduces incentives for employer-sponsored insurance coverage. We cannot predict how other future federal or state legislative or administrative changes relating to healthcare reform will affect our business. For additional information, refer to “Item 1. Business—Government Regulation” and “Item 1. Business—Pricing, Price Constraints and Market Access.”","Product, Industry and Operational Risks","BMY","2026-06-27T07:24:05.805272Z"
3023,"1","Product Liability","Product Liability","Risks Related to our Industry
Any of the foregoing consequences could harm our business, reputation, financial condition, and operating results. While we have dedicated significant resources to privacy and security incident response capabilities, including dedicated worldwide incident response teams, our response process, particularly during times of a natural disaster or pandemic, may not be adequate, may fail to accurately assess the severity of an incident, may not be fast enough to prevent or limit harm, or may fail to sufficiently remediate an incident. As a result, we may suffer significant legal, reputational, or financial exposure, which could harm our business, financial condition, and operating results. For additional information, see also our risk factor on privacy and data protection regulations under ‘Risks Related to Laws, Regulations, and Policies’ below.","2026-06-27T07:24:09.935444Z","blance","核心是隱私與資安事件回應失敗。","2025-02-05",0.6579,"Product Liability",1528,"Product Liability",3.482,"Non-ESG","GOOG_2025_RISK_038",9,"Risks Related to our Industry","Risks Related to our Industry","GOOG","2026-06-27T07:24:09.935453Z"
3024,"1","Human Capital","Human Capital","Host Damage Protection Program
Our ability to provide high-quality support to our community of Hosts and guests is important for the growth of our business and any failure to maintain such standards of community support, or any perception that we do not provide high-quality service, could affect our ability to retain and attract Hosts and guests. Meeting the community support expectations of our Hosts and guests requires significant time and resources from our community support team and significant investment in staffing, technology, including automation and machine learning to improve efficiency, infrastructure, policies, and community support tools. The failure to develop the appropriate technology, infrastructure, policies, and community support tools, or to manage or properly train our community support team, could compromise our ability to resolve questions and complaints quickly and effectively. The number of our Hosts and guests has grown significantly and such growth, as well as any future growth, will put additional pressure on our community support organization and our technology organization. In addition, as we service a global customer base and continue to grow outside of North America and Europe, we need to be able to provide effective support that meets our Hosts’ and guests’ needs and languages globally at scale. As part of our reduction in force announced in May 2020, we significantly reduced the number of employees in our community support organization and our technology organization, which impacted our ability to provide effective support to our Hosts and guests. Our service is staffed based on complex algorithms that map to our business forecasts. Any volatility in those forecasts could lead to staffing gaps that could impact the quality of our service.","2026-06-27T07:24:20.264202Z","blance","客服團隊的人力、訓練、裁員與人員缺口是主要風險。","2022-02-25",0.723,"Community Relations",1529,"Human Capital",9.585,"Non-ESG","ABNB_2022_RISK_145",10,"Host Damage Protection Program","Host Damage Protection Program","ABNB","2026-06-27T07:24:20.264213Z"
3025,"1","Community Relations","Community Relations","If the number or percentage of patients with higher-paying commercial insurance declines, if the average rates that commercial payors pay us decline, if patients in commercial plans are subject to restriction in plan designs, if we are unable to maintain contracts with payors with competitive terms, including, without limitation, reimbursement rates, scope and duration of coverage and in-network benefits, it could have a material adverse effect on our business, results of operations, financial condition and cash flows.
If the Court declines to uphold the protections of the MSPA such that more plans seek to implement plan designs that discourage patients from retaining their commercial coverage, it may lead to a significant decrease in the number of patients with commercial plans, the duration of benefits for patients under commercial plans and/or a significant decrease in the payment rates we receive, any of which would have a material adverse effect on our business, results of operations, financial condition and cash flows. In addition, some commercial payors are pursuing or have incorporated policies into their provider manuals limiting or refusing to accept charitable premium assistance from non-profit organizations, such as the American Kidney Fund, which may impact the number of patients who are able to afford commercial plans. Paying for coverage is a significant financial burden for many patients, and ESRD disproportionately affects the low-income population. Charitable premium assistance supports continuity of coverage and access to care for patients, many of whom are unable to continue working full-time as a result of their severe health condition. Many patients with commercial and government insurance also rely on financial assistance from charitable organizations, such as the American Kidney Fund. Certain payors have challenged our patients' and other providers' patients' ability to utilize assistance from charitable organizations for the payment of premiums, including, without limitation, through litigation and other legal proceedings. The use of charitable premium assistance for ESRD patients has also faced challenges and inquiries from legislators, regulators and other governmental authorities, and this may continue. In addition, CMS or another regulatory agency or legislative authority may issue a new rule or guidance that challenges or restricts charitable premium assistance.","2026-06-27T07:24:26.272677Z","blance","低收入病患的保險負擔、慈善補助與醫療可近性符合社區關係。","2022-02-11",0.9013,"Community Relations",1530,"Community Relations",5.383,"Product Liability","DVA_2022_RISK_030",11,"If the number or percentage of patients with higher-paying commercial insurance declines, if the average rates that commercial payors pay us decline, if patients in commercial plans are subject to restriction in plan designs, if we are unable to maintain contracts with payors with competitive terms, including, without limitation, reimbursement rates, scope and duration of coverage and in-network benefits, it could have a material adverse effect on our business, results of operations, financial condition and cash flows.","General Risks","DVA","2026-06-27T07:24:26.272686Z"
3026,"1","Non-ESG","Non-ESG","Research and Development
We are committed to investing in world-class digital technology development, which we believe is critical to achieving our goal of establishing the Invisalign system as the standard method for treating malocclusion, our intraoral scanners as the preferred scanning technology for digital dental scans, and our exocad CAD/CAM software as the solution of choice for dental labs. Our research and development activities are directed toward developing digital technology innovations that we believe will deliver our next generation of products and solutions to enable the Align digital platform. These activities range from accelerating product and clinical innovation to developing manufacturing process improvements to researching future technologies, products and software. In an effort to demonstrate the broad treatment capabilities of the Invisalign system, various clinical case studies and articles have been published that highlight the clinical applicability of Invisalign treatment to malocclusion cases, including those of severe complexity. Similarly, various studies have also been published demonstrating the capabilities of our scanners, including advanced features such as our NIRI technology. We undertake pre-commercialization trials and testing of our technological improvements to our products and manufacturing process. We furthermore fund research in the field of orthodontics and dentistry through initiatives such as our Annual Research Award Program, which was in its 12th year in 2021, our donations to the American Association of Orthodontists Foundation and our partnership with MedTech Innovator Asia Pacific, a nonprofit startup accelerator for the medical technology industry that connects healthcare industry leaders with innovative medical technology startups for mentorship and support.","2026-06-27T07:24:34.560678Z","blance","主體是產品研發，捐款與非營利合作僅為附帶內容。","2022-02-25",0.448,"Community Relations",1531,"Non-ESG",7.673,"Community Relations","ALGN_2022_RISK_002",12,"Research and Development","Research and Development","ALGN","2026-06-27T07:24:34.560687Z"
3027,"1","Corporate Governance","Corporate Governance","Risks Relating to Limitations on Dividends from Subsidiaries and Anti-Takeover Provisions
Generally, United States insurance holding company laws require that, before a person can acquire control of an insurance company, prior written approval must be obtained from the insurance regulatory authorities in the state in which that insurance company is domiciled. Pursuant to applicable laws and regulations, “control” over an insurer is generally presumed to exist if any person, directly or indirectly, owns, controls, holds the power to vote, or holds proxies representing 10% or more of the voting securities of that insurer or any parent company of such insurer. Indirect ownership includes ownership of the shares of our common stock. Thus, the insurance regulatory authorities of the states in which our insurance subsidiaries are domiciled are likely to apply these restrictions on acquisition of control to any proposed acquisition of our common stock. Some states require a person seeking to acquire control of an insurer licensed but not domiciled in that state to make a filing prior to completing an acquisition if the acquirer and its affiliates, on the one hand, and the target insurer and its affiliates, on the other hand, have specified market shares in the same lines of insurance in that state. Additionally, many foreign jurisdictions where we conduct business impose similar restrictions and requirements. These provisions can also lead to the imposition of conditions on an acquisition that could delay or prevent its consummation. These laws may discourage potential acquisition proposals and may delay, deter or prevent a change in control of us through transactions, and in particular unsolicited transactions, that some or all of our stockholders might consider to be desirable.","2026-06-27T07:24:40.828937Z","blance","控制權取得、表決權與反收購條款直接屬公司治理。","2022-02-24",0.982,"Corporate Governance",1532,"Corporate Governance",5.523,"Non-ESG","WRB_2022_RISK_061",13,"Risks Relating to Limitations on Dividends from Subsidiaries and Anti-Takeover Provisions","Risks Relating to Our Investments","WRB","2026-06-27T07:24:40.828947Z"
3028,"1","Corporate Governance","Corporate Governance","Our amended and restated certificate of incorporation designates the Court of Chancery of the State of Delaware as the exclusive forum for certain disputes between us and our stockholders, which could limit our stockholders’ ability to choose the judicial forum for disputes with us or our directors, officers, or employees.
Our amended and restated certificate of incorporation provides that, unless we consent in writing to the selection of an alternative forum, the sole and exclusive forum for (i) any derivative action or proceeding brought on our behalf, (ii) any action or proceeding asserting a claim of breach of a fiduciary duty owed by any of our directors, officers, or other employees to us or our stockholders, (iii) any action or proceeding asserting a claim arising pursuant to any provision of the Delaware General Corporation Law, our amended and restated certificate of incorporation, or our amended and restated bylaws, or (iv) any action or proceeding asserting a claim that is governed by the internal affairs doctrine, shall be the Court of Chancery of the State of Delaware. This provision does not apply to suits brought to enforce a duty or liability created by the Exchange Act, for which the U.S. federal courts have exclusive jurisdiction, or the Securities Act. Any person or entity purchasing or otherwise acquiring or holding or owning (or continuing to hold or own) any interest in any of our securities shall be deemed to have notice of and consented to the foregoing provisions. Although we believe this exclusive forum provision benefits us by providing increased consistency in the application of Delaware law in the types of lawsuits to which it applies, the exclusive forum provision may (i) increase the costs for a stockholder, and/or (ii) limit a stockholder’s ability to bring a claim in a judicial forum of its choosing for disputes with us or any of our directors, officers, other employees, stockholders, or others which may discourage lawsuits with respect to such claims. Our stockholders will not be deemed to have waived our compliance with the federal securities laws and the rules and regulations thereunder as a result of our exclusive forum provision.","2026-06-27T07:24:44.421463Z","blance","股東訴訟、受託責任與專屬法院條款屬公司治理。","2025-09-26",0.9835,"Corporate Governance",1533,"Corporate Governance",3.106,"Non-ESG","CPRT_2025_RISK_045",14,"Our amended and restated certificate of incorporation designates the Court of Chancery of the State of Delaware as the exclusive forum for certain disputes between us and our stockholders, which could limit our stockholders’ ability to choose the judicial forum for disputes with us or our directors, officers, or employees.","Risks Related to Our Business and Industry","CPRT","2026-06-27T07:24:44.421474Z"
3029,"1","Product Liability","Product Liability","Risk Management and Strategy
Under the leadership of our CDIO and CISO, and with oversight, as appropriate, from the Board’s Audit Committee, we have developed a Cybersecurity Incident Response Process (the “Response Process”), which sets forth a framework for the actions to be taken in response to a cybersecurity incident and includes appropriate escalations to the Company’s senior management, including our ECCRT (as defined below), and the Board. Under the guidance of our CISO, the Response Process is routinely evaluated, tested and updated as appropriate. In addition to our Response Process, which is employed in the event of a cybersecurity incident, we take preventative measures that are designed to mitigate the likelihood and prevalence of cybersecurity incidents. For example, we believe that enterprise-wide cybersecurity and privacy training serve an important role in risk reduction. Accordingly, we require employees to complete periodic access-based and role-based privacy and cybersecurity training. These trainings are routinely updated to reflect changes in the threat environment, assessment, and/or audit findings, laws, and regulations. We also engage and educate employees through cybersecurity and privacy awareness programs and communication campaigns. We recognize that our cybersecurity risk profile extends beyond our organization. As such, we strive to manage cybersecurity risks associated with our third-party business partners and external users of our systems. Our third-party business partner risk management program is built upon, informed by, and responsive to industry best practices. This program is designed to conduct appropriate due diligence on the third-party business partners with whom we engage and conduct business, as well as on the systems and the cybersecurity controls of such third-party business partners. Specifically, to evaluate third-","2026-06-27T07:24:51.816794Z","blance","主要描述資安事件應變、隱私訓練與第三方資安風險。","2025-11-25",0.8959,"Corporate Governance",1534,"Product Liability",6.823,"Corporate Governance","COR_2025_RISK_086",15,"Risk Management and Strategy","Risk Management and Strategy","COR","2026-06-27T07:24:51.816806Z"
3030,"1","Product Liability","Product Liability","Cybersecurity
We have a longstanding information security risk management framework structured according to the National Institute of Standards and Technology Cybersecurity Framework, industry best practices, privacy legislation, and other global and local standards and regulations. This risk management framework is under the specific oversight of the Company’s Vice President and Chief Information Officer (the “CIO”) and includes a defense-in-depth approach with multiple layers of security controls, including network segmentation, security monitoring, endpoint protection, and identity and access management, as well as data protection best practices and data loss prevention controls. Our Audit and Finance Committee is updated on the overall performance of our information security risk management framework on an annual basis by the CIO.","2026-06-27T07:24:59.709250Z","blance","資安框架、資料保護與防外洩控制是主要內容。","2025-02-25",0.8213,"Corporate Governance",1535,"Product Liability",7.345,"Corporate Governance","WAT_2025_RISK_038",16,"Cybersecurity","Cybersecurity","WAT","2026-06-27T07:24:59.709260Z"
3031,"1","Product Liability","Product Liability","Cybersecurity Strategy and Risk Management
When a cybersecurity threat or incident is identified, our policy is to review and triage the threat or incident, and to then manage it to conclusion in accordance with our cybersecurity incident response processes.  When a cybersecurity incident is determined to be significant, it is addressed by management committees using processes that leverage subject-matter expertise from across the Company.  Further, we have in the past and may in the future engage with third-party advisors and government and law enforcement agencies as part of our incident management processes.  All cybersecurity incidents that are identified as reasonably having the potential to be highly significant to the Company are brought to the attention of both the Chief Enterprise Technology Officer and Chief Policy Officer and General Counsel by the Chief Information Security Officer as part of our cybersecurity incident response processes.","2026-06-27T07:25:08.494263Z","blance","核心是資安事件識別、分級與應變流程。","2025-02-06",0.9198,"Corporate Governance",1536,"Product Liability",8.021,"Corporate Governance","F_2025_RISK_059",17,"Cybersecurity Strategy and Risk Management","Legal and Regulatory Risks","F","2026-06-27T07:25:08.494272Z"
3032,"1","Product Liability","Product Liability","Containment, Eradication, Recovery, and Reporting
Following the conclusion of an incident, the incident response team will generally assess the effectiveness of the cybersecurity program and IRP and make adjustments as appropriate.","2026-06-27T07:25:14.928117Z","blance","事件後的資安復原及計畫改善屬資料安全管理。","2026-02-12",0.474,"Corporate Governance",1537,"Product Liability",5.815,"Non-ESG","PSA_2026_RISK_053",18,"Containment, Eradication, Recovery, and Reporting","Detection and Analysis","PSA","2026-06-27T07:25:14.928128Z"
3033,"1","Non-ESG","Non-ESG","Operational Risks
For example, in light of the conflict between Russia and Ukraine, members of our management team resigned from the board of our Yandex. Taxi joint venture, and we announced that we are actively looking for opportunities to accelerate the sale of our remaining holdings in the joint venture. The broader consequences of this conflict, which may include additional international sanctions, embargoes, regional instability, and geopolitical shifts, increased tensions between the United States and countries in which we operate, and the extent of the conflict’s effect on the global economy, cannot be predicted. Any of these risks could materially affect the value of our assets, which could have an adverse effect on our business, financial condition, operating results, or the trading price of our common stock. Further, we are contractually limited in our ability to sell or transfer these assets. For example, in connection with Aurora’s November 2021 initial public offering, we are subject to a 4-year lock-up with respect to our shares in Aurora. Furthermore, we may be required to sell these assets at a time at which we would not be able to realize what we believe to be the long-term value of these assets. For example, if we were deemed an investment company under the Investment Company Act of 1940, as amended (the “Investment Company Act”), we may be required to sell some or all of such assets so that we would not be subject to the requirements of the Investment Company Act. Additionally, we may have to pay significant taxes upon the sale or transfer of these assets. Accordingly, we may never realize the value of these assets relative to the contributions we made to these businesses.","2026-06-27T07:25:24.374866Z","blance","核心是地緣政治、資產出售與投資價值，董事辭任只是事件背景。","2023-02-21",0.5552,"Corporate Governance",1538,"Non-ESG",8.73,"Corporate Governance","UBER_2023_RISK_052",19,"Operational Risks","Operational Risks","UBER","2026-06-27T07:25:24.374876Z"
3034,"1","Business Ethics & Values","Business Ethics & Values","Legal and Regulatory Risks
▪The improper conduct of employees, agents, subcontractors, suppliers, business partners or joint ventures in which we participate can impact our reputation, our ability to do business and our financial position, results of operations and/or cash flows.","2026-06-27T07:25:31.348041Z","blance","明確聚焦員工、代理商與合作方的不當行為。","2022-01-27",0.9254,"Business Ethics & Values",1539,"Business Ethics & Values",6.078,"Non-ESG","NOC_2022_RISK_017",20,"Legal and Regulatory Risks","Legal and Regulatory Risks","NOC","2026-06-27T07:25:31.348052Z"
3035,"1","Community Relations","Community Relations","Legal, Regulatory and Compliance Risks
The CRA, the Equal Credit Opportunity Act, the Fair Housing Act, and other fair lending laws and regulations (collectively, fair lending laws) impose community investment and nondiscriminatory lending requirements on financial institutions. The CFPB, the DOJ and other federal and state agencies are responsible for enforcing these federal laws and regulations and comparable state provisions. Due to legal challenges, the federal banking agencies are enjoined from enforcing and are reconsidering the 2023 CRA regulations; the federal banking agencies are continuing to apply the 1995 CRA regulations. Federal, state or local consumer lending laws may restrict our ability to originate certain mortgage loans or increase our risk of liability with respect to such loans. A successful regulatory challenge to an institution's performance under the fair lending laws could result in a wide variety of sanctions, including damages and civil money penalties, injunctive relief, restrictions on mergers and acquisitions, restrictions on expansion, and restrictions on entering new business lines. Private parties may also have the ability to challenge an institution's performance under fair lending laws in private class action litigation. Such actions could have a material adverse effect on our business, financial condition, and results of operations.","2026-06-27T07:25:41.543525Z","blance","社區投資、公平放貸及弱勢金融可近性較符合社區關係，但亦接近消費者金融保護。","2026-02-24",0.3726,"Business Ethics & Values",1540,"Community Relations",9.541,"Business Ethics & Values","RF_2026_RISK_084",21,"Legal, Regulatory and Compliance Risks","Legal, Regulatory and Compliance Risks","RF","2026-06-27T07:25:41.543537Z"
