review_rank,original_label,api_consensus_label,codex_suggested_label,dispute_reason,reviewed_label,reviewer_note,annotation_id,annotator,char_count,combined_text,created_at,filing_date,finbert_confidence,finbert_label,id,label,lead_time,paragraph_id,risk_heading,risk_section,ticker,updated_at
1,Non-ESG,Climate Change,Climate Change,明確提及因應氣候變遷的環境法規與倡議。,,,2007,1,169,"Risks related to regulatory or legal challenges
Our manufacturing operations are subject to environmental laws and regulations and initiatives to address climate change.",2026-03-16T01:19:57.926372Z,2025-02-20,0.9946,Climate Change,1012,Non-ESG,6.311999999999999,NXPI_2025_RISK_049,Risks related to regulatory or legal challenges,Risks related to our business operations,NXPI,2026-03-16T01:21:37.572897Z
2,Non-ESG,Climate Change,Climate Change,段落主體直接是氣候變遷及其法規、市場措施。,,,2009,1,219,"Risks Related to Our Company, Business and Operations
Climate change, or legal, regulatory or market measures to address climate change, may negatively affect our business, financial condition and results of operations.",2026-03-16T01:21:30.713154Z,2026-01-22,0.9936,Climate Change,1014,Non-ESG,68.504,MKC_2026_RISK_037,"Risks Related to Our Company, Business and Operations",,MKC,2026-03-16T01:21:30.713165Z
3,Non-ESG,Climate Change,Climate Change,溫室氣體密集度與低碳材料偏好屬氣候轉型風險。,,,2012,1,202,"Industry Specific Risk Factors
Emerging customer preferences for greater product transparency and less GHG intensive materials may put us at a competitive disadvantage or reduce demand for our products.",2026-03-16T01:22:14.063052Z,2022-02-28,0.9938,Climate Change,1017,Non-ESG,6.574,NUE_2022_RISK_018,Industry Specific Risk Factors,Industry Specific Risk Factors,NUE,2026-03-16T01:22:14.063061Z
4,Non-ESG,Climate Change,Climate Change,明確陳述全球氣候變遷及其政策、市場回應。,,,2013,1,159,"Risks Related to Legal and Regulatory Matters
We may be adversely affected by global climate change or by legal, regulatory or market responses to such change.",2026-03-16T01:22:25.807846Z,2022-01-31,0.992,Climate Change,1018,Non-ESG,11.244,BA_2022_RISK_047,Risks Related to Legal and Regulatory Matters,Risks Related to Our Contracts,BA,2026-03-16T01:22:25.807857Z
5,Non-ESG,Climate Change,Climate Change,明列氣候相關事件與野火對營運的影響。,,,2015,1,178,"Risks Relating to Our Business and Industry
Our business may be adversely impacted by climate-related events, natural disasters, including wildfires, and other unforeseen events.",2026-03-16T01:22:41.404082Z,2025-03-14,0.9748,Climate Change,1020,Non-ESG,9.997,CCI_2025_RISK_043,Risks Relating to Our Business and Industry,Risks Relating to Our Business and Industry,CCI,2026-03-16T01:22:41.404092Z
6,Non-ESG,Climate Change,Climate Change,明確連結全球氣候變遷與災害頻率、強度。,,,2043,1,1144,"Risks Related to our Business and Industry
Our corporate headquarters, including certain of our research and development operations are located in the Silicon Valley area of Northern California, a region known for seismic activity. Additionally, a certain number of our facilities are located near rivers that have experienced flooding in the past. Also certain of our customers, suppliers and logistics centers are located in regions that have been or may be affected by earthquake, tsunami and flooding or other weather-related activity which in the past has disrupted, and in the future could disrupt, the flow of supply chain components and delivery of products. In addition, global climate change may result in significant natural disasters occurring more frequently and/or with greater intensity, such as drought, wildfires, storms, sea-level rise, changing precipitation, and flooding. We have not to date experienced a material event as a result of these kinds of natural disasters; however, the occurrence of any such event in the future could have a material adverse impact on our business, operating results, and financial condition.",2026-03-16T01:57:48.918709Z,2023-09-07,0.9134,Climate Change,1048,Non-ESG,189.846,CSCO_2023_RISK_067,Risks Related to our Business and Industry,Risks Related to our Business and Industry,CSCO,2026-03-16T01:57:48.918721Z
7,Non-ESG,Pollution & Waste,Pollution & Waste,回收材料與延伸生產者責任直接屬廢棄物／回收。,,,2164,1,1444,"Risks Related to Our Business and Operations
We purchase or collect and process recyclable materials such as paper, cardboard, plastics, aluminum and other metals for sale to third parties. Our results of operations may be affected by changing prices or market requirements for recyclable materials. The resale and purchase prices of, and market demand for, recyclable materials are volatile due to changes in economic conditions and numerous other factors beyond our control. For instance, several states have passed legislation commonly referred to as Extended Producer Responsibility. These laws are intended to shift the cost of recycling from consumers to producers while also mandating increased supply, which could lead to lower commodity prices. Significant price fluctuations or increased operating costs may affect our consolidated financial condition, results of operations and cash flows. At current volumes and mix of materials, we believe a $10 per ton change in the price of recycled commodities change both annual revenue and operating income by approximately $13 million. Accordingly, a substantial rise or drop in recycled commodity prices could materially affect our revenue and operating income. Although we have entered into hedging agreements to help offset volatility in recycled commodity prices in the past, we do not have any such hedging agreements currently, and we may not enter into these agreements in the future.",2026-03-16T04:39:19.500951Z,2026-02-18,0.4563,Pollution & Waste,1169,Non-ESG,34.421,RSG_2026_RISK_010,Risks Related to Our Business and Operations,Risks Related to Our Business and Operations,RSG,2026-03-16T04:39:19.500968Z
8,Non-ESG,Product Liability,Product Liability,個資不當蒐集、散布與資訊洩漏屬隱私及資料安全。,,,2227,1,1686,"revenues that we generate by the health insurance exchanges and Medicaid expansion under the ACA are not material, so the impact of the change in law and similar recent administration actions is expected to be limited. Any future replacement, modification or repeal of the ACA may adversely affect our business and financial results, particularly if the legislation reduces incentives for employer-sponsored insurance coverage. We cannot predict how other future federal or state legislative or administrative changes relating to healthcare reform will affect our business. For additional information, refer to “Item 1. Business—Government Regulation” and “Item 1. Business—Pricing, Price Constraints and Market Access.”
Increased use of social media platforms presents risks and challenges. We are increasing our use of social media to communicate Company news and events. The inappropriate and/or unauthorized use of social media could cause brand damage or information leakage and may give rise to liability, including from the improper collection and/or dissemination of personally identifiable information from employees, patients, healthcare professionals or other stakeholders. In addition, negative or inaccurate posts or comments about us on any social networking website could damage our reputation, brand image and goodwill and may cause significant volatility in our stock price. Further, the disclosure of non-public Company-sensitive information by our workforce or others, whether intentional or unintentional, through external media channels could lead to loss of trade secrets or other intellectual property, as well as the Company’s commercially sensitive information.",2026-03-16T05:21:39.811184Z,2023-02-14,0.4983,Human Capital,1232,Non-ESG,1172.878,BMY_2023_RISK_037,"revenues that we generate by the health insurance exchanges and Medicaid expansion under the ACA are not material, so the impact of the change in law and similar recent administration actions is expected to be limited. Any future replacement, modification or repeal of the ACA may adversely affect our business and financial results, particularly if the legislation reduces incentives for employer-sponsored insurance coverage. We cannot predict how other future federal or state legislative or administrative changes relating to healthcare reform will affect our business. For additional information, refer to “Item 1. Business—Government Regulation” and “Item 1. Business—Pricing, Price Constraints and Market Access.”","Product, Industry and Operational Risks",BMY,2026-03-16T05:21:39.811197Z
9,Non-ESG,Product Liability,Product Liability,核心是隱私與資安事件回應失敗。,,,2267,1,882,"Risks Related to our Industry
Any of the foregoing consequences could harm our business, reputation, financial condition, and operating results. While we have dedicated significant resources to privacy and security incident response capabilities, including dedicated worldwide incident response teams, our response process, particularly during times of a natural disaster or pandemic, may not be adequate, may fail to accurately assess the severity of an incident, may not be fast enough to prevent or limit harm, or may fail to sufficiently remediate an incident. As a result, we may suffer significant legal, reputational, or financial exposure, which could harm our business, financial condition, and operating results. For additional information, see also our risk factor on privacy and data protection regulations under ‘Risks Related to Laws, Regulations, and Policies’ below.",2026-03-16T05:39:25.161684Z,2025-02-05,0.6579,Product Liability,1272,Non-ESG,29.228,GOOG_2025_RISK_038,Risks Related to our Industry,Risks Related to our Industry,GOOG,2026-03-16T05:39:25.161705Z
10,Non-ESG,Human Capital,Human Capital,客服團隊的人力、訓練、裁員與人員缺口是主要風險。,,,2296,1,1802,"Host Damage Protection Program
Our ability to provide high-quality support to our community of Hosts and guests is important for the growth of our business and any failure to maintain such standards of community support, or any perception that we do not provide high-quality service, could affect our ability to retain and attract Hosts and guests. Meeting the community support expectations of our Hosts and guests requires significant time and resources from our community support team and significant investment in staffing, technology, including automation and machine learning to improve efficiency, infrastructure, policies, and community support tools. The failure to develop the appropriate technology, infrastructure, policies, and community support tools, or to manage or properly train our community support team, could compromise our ability to resolve questions and complaints quickly and effectively. The number of our Hosts and guests has grown significantly and such growth, as well as any future growth, will put additional pressure on our community support organization and our technology organization. In addition, as we service a global customer base and continue to grow outside of North America and Europe, we need to be able to provide effective support that meets our Hosts’ and guests’ needs and languages globally at scale. As part of our reduction in force announced in May 2020, we significantly reduced the number of employees in our community support organization and our technology organization, which impacted our ability to provide effective support to our Hosts and guests. Our service is staffed based on complex algorithms that map to our business forecasts. Any volatility in those forecasts could lead to staffing gaps that could impact the quality of our service.",2026-03-16T06:14:41.804445Z,2022-02-25,0.723,Community Relations,1301,Non-ESG,31.139,ABNB_2022_RISK_145,Host Damage Protection Program,Host Damage Protection Program,ABNB,2026-03-16T06:14:41.804454Z
11,Product Liability,Community Relations,Community Relations,低收入病患的保險負擔、慈善補助與醫療可近性符合社區關係。,,,2301,1,2434,"If the number or percentage of patients with higher-paying commercial insurance declines, if the average rates that commercial payors pay us decline, if patients in commercial plans are subject to restriction in plan designs, if we are unable to maintain contracts with payors with competitive terms, including, without limitation, reimbursement rates, scope and duration of coverage and in-network benefits, it could have a material adverse effect on our business, results of operations, financial condition and cash flows.
If the Court declines to uphold the protections of the MSPA such that more plans seek to implement plan designs that discourage patients from retaining their commercial coverage, it may lead to a significant decrease in the number of patients with commercial plans, the duration of benefits for patients under commercial plans and/or a significant decrease in the payment rates we receive, any of which would have a material adverse effect on our business, results of operations, financial condition and cash flows. In addition, some commercial payors are pursuing or have incorporated policies into their provider manuals limiting or refusing to accept charitable premium assistance from non-profit organizations, such as the American Kidney Fund, which may impact the number of patients who are able to afford commercial plans. Paying for coverage is a significant financial burden for many patients, and ESRD disproportionately affects the low-income population. Charitable premium assistance supports continuity of coverage and access to care for patients, many of whom are unable to continue working full-time as a result of their severe health condition. Many patients with commercial and government insurance also rely on financial assistance from charitable organizations, such as the American Kidney Fund. Certain payors have challenged our patients' and other providers' patients' ability to utilize assistance from charitable organizations for the payment of premiums, including, without limitation, through litigation and other legal proceedings. The use of charitable premium assistance for ESRD patients has also faced challenges and inquiries from legislators, regulators and other governmental authorities, and this may continue. In addition, CMS or another regulatory agency or legislative authority may issue a new rule or guidance that challenges or restricts charitable premium assistance.",2026-03-16T06:16:22.495274Z,2022-02-11,0.9013,Community Relations,1306,Product Liability,39.691,DVA_2022_RISK_030,"If the number or percentage of patients with higher-paying commercial insurance declines, if the average rates that commercial payors pay us decline, if patients in commercial plans are subject to restriction in plan designs, if we are unable to maintain contracts with payors with competitive terms, including, without limitation, reimbursement rates, scope and duration of coverage and in-network benefits, it could have a material adverse effect on our business, results of operations, financial condition and cash flows.",General Risks,DVA,2026-03-16T06:16:22.495285Z
12,Community Relations,Non-ESG,Non-ESG,主體是產品研發，捐款與非營利合作僅為附帶內容。,,,2325,1,1842,"Research and Development
We are committed to investing in world-class digital technology development, which we believe is critical to achieving our goal of establishing the Invisalign system as the standard method for treating malocclusion, our intraoral scanners as the preferred scanning technology for digital dental scans, and our exocad CAD/CAM software as the solution of choice for dental labs. Our research and development activities are directed toward developing digital technology innovations that we believe will deliver our next generation of products and solutions to enable the Align digital platform. These activities range from accelerating product and clinical innovation to developing manufacturing process improvements to researching future technologies, products and software. In an effort to demonstrate the broad treatment capabilities of the Invisalign system, various clinical case studies and articles have been published that highlight the clinical applicability of Invisalign treatment to malocclusion cases, including those of severe complexity. Similarly, various studies have also been published demonstrating the capabilities of our scanners, including advanced features such as our NIRI technology. We undertake pre-commercialization trials and testing of our technological improvements to our products and manufacturing process. We furthermore fund research in the field of orthodontics and dentistry through initiatives such as our Annual Research Award Program, which was in its 12th year in 2021, our donations to the American Association of Orthodontists Foundation and our partnership with MedTech Innovator Asia Pacific, a nonprofit startup accelerator for the medical technology industry that connects healthcare industry leaders with innovative medical technology startups for mentorship and support.",2026-03-16T06:20:41.419215Z,2022-02-25,0.448,Community Relations,1330,Community Relations,7.531,ALGN_2022_RISK_002,Research and Development,Research and Development,ALGN,2026-03-16T06:20:41.419225Z
13,Non-ESG,Corporate Governance,Corporate Governance,控制權取得、表決權與反收購條款直接屬公司治理。,,,2358,1,1803,"Risks Relating to Limitations on Dividends from Subsidiaries and Anti-Takeover Provisions
Generally, United States insurance holding company laws require that, before a person can acquire control of an insurance company, prior written approval must be obtained from the insurance regulatory authorities in the state in which that insurance company is domiciled. Pursuant to applicable laws and regulations, “control” over an insurer is generally presumed to exist if any person, directly or indirectly, owns, controls, holds the power to vote, or holds proxies representing 10% or more of the voting securities of that insurer or any parent company of such insurer. Indirect ownership includes ownership of the shares of our common stock. Thus, the insurance regulatory authorities of the states in which our insurance subsidiaries are domiciled are likely to apply these restrictions on acquisition of control to any proposed acquisition of our common stock. Some states require a person seeking to acquire control of an insurer licensed but not domiciled in that state to make a filing prior to completing an acquisition if the acquirer and its affiliates, on the one hand, and the target insurer and its affiliates, on the other hand, have specified market shares in the same lines of insurance in that state. Additionally, many foreign jurisdictions where we conduct business impose similar restrictions and requirements. These provisions can also lead to the imposition of conditions on an acquisition that could delay or prevent its consummation. These laws may discourage potential acquisition proposals and may delay, deter or prevent a change in control of us through transactions, and in particular unsolicited transactions, that some or all of our stockholders might consider to be desirable.",2026-03-16T06:41:17.252460Z,2022-02-24,0.982,Corporate Governance,1363,Non-ESG,44.771,WRB_2022_RISK_061,Risks Relating to Limitations on Dividends from Subsidiaries and Anti-Takeover Provisions,Risks Relating to Our Investments,WRB,2026-03-16T06:41:17.252477Z
14,Non-ESG,Corporate Governance,Corporate Governance,股東訴訟、受託責任與專屬法院條款屬公司治理。,,,2359,1,2205,"Our amended and restated certificate of incorporation designates the Court of Chancery of the State of Delaware as the exclusive forum for certain disputes between us and our stockholders, which could limit our stockholders’ ability to choose the judicial forum for disputes with us or our directors, officers, or employees.
Our amended and restated certificate of incorporation provides that, unless we consent in writing to the selection of an alternative forum, the sole and exclusive forum for (i) any derivative action or proceeding brought on our behalf, (ii) any action or proceeding asserting a claim of breach of a fiduciary duty owed by any of our directors, officers, or other employees to us or our stockholders, (iii) any action or proceeding asserting a claim arising pursuant to any provision of the Delaware General Corporation Law, our amended and restated certificate of incorporation, or our amended and restated bylaws, or (iv) any action or proceeding asserting a claim that is governed by the internal affairs doctrine, shall be the Court of Chancery of the State of Delaware. This provision does not apply to suits brought to enforce a duty or liability created by the Exchange Act, for which the U.S. federal courts have exclusive jurisdiction, or the Securities Act. Any person or entity purchasing or otherwise acquiring or holding or owning (or continuing to hold or own) any interest in any of our securities shall be deemed to have notice of and consented to the foregoing provisions. Although we believe this exclusive forum provision benefits us by providing increased consistency in the application of Delaware law in the types of lawsuits to which it applies, the exclusive forum provision may (i) increase the costs for a stockholder, and/or (ii) limit a stockholder’s ability to bring a claim in a judicial forum of its choosing for disputes with us or any of our directors, officers, other employees, stockholders, or others which may discourage lawsuits with respect to such claims. Our stockholders will not be deemed to have waived our compliance with the federal securities laws and the rules and regulations thereunder as a result of our exclusive forum provision.",2026-03-16T06:41:37.208181Z,2025-09-26,0.9835,Corporate Governance,1364,Non-ESG,19.397,CPRT_2025_RISK_045,"Our amended and restated certificate of incorporation designates the Court of Chancery of the State of Delaware as the exclusive forum for certain disputes between us and our stockholders, which could limit our stockholders’ ability to choose the judicial forum for disputes with us or our directors, officers, or employees.",Risks Related to Our Business and Industry,CPRT,2026-03-16T06:41:37.208190Z
15,Corporate Governance,Product Liability,Product Liability,主要描述資安事件應變、隱私訓練與第三方資安風險。,,,2376,1,1896,"Risk Management and Strategy
Under the leadership of our CDIO and CISO, and with oversight, as appropriate, from the Board’s Audit Committee, we have developed a Cybersecurity Incident Response Process (the “Response Process”), which sets forth a framework for the actions to be taken in response to a cybersecurity incident and includes appropriate escalations to the Company’s senior management, including our ECCRT (as defined below), and the Board. Under the guidance of our CISO, the Response Process is routinely evaluated, tested and updated as appropriate. In addition to our Response Process, which is employed in the event of a cybersecurity incident, we take preventative measures that are designed to mitigate the likelihood and prevalence of cybersecurity incidents. For example, we believe that enterprise-wide cybersecurity and privacy training serve an important role in risk reduction. Accordingly, we require employees to complete periodic access-based and role-based privacy and cybersecurity training. These trainings are routinely updated to reflect changes in the threat environment, assessment, and/or audit findings, laws, and regulations. We also engage and educate employees through cybersecurity and privacy awareness programs and communication campaigns. We recognize that our cybersecurity risk profile extends beyond our organization. As such, we strive to manage cybersecurity risks associated with our third-party business partners and external users of our systems. Our third-party business partner risk management program is built upon, informed by, and responsive to industry best practices. This program is designed to conduct appropriate due diligence on the third-party business partners with whom we engage and conduct business, as well as on the systems and the cybersecurity controls of such third-party business partners. Specifically, to evaluate third-",2026-03-16T06:43:45.101075Z,2025-11-25,0.8959,Corporate Governance,1381,Corporate Governance,9.701,COR_2025_RISK_086,Risk Management and Strategy,Risk Management and Strategy,COR,2026-03-16T06:43:45.101091Z
16,Corporate Governance,Product Liability,Product Liability,資安框架、資料保護與防外洩控制是主要內容。,,,2377,1,846,"Cybersecurity
We have a longstanding information security risk management framework structured according to the National Institute of Standards and Technology Cybersecurity Framework, industry best practices, privacy legislation, and other global and local standards and regulations. This risk management framework is under the specific oversight of the Company’s Vice President and Chief Information Officer (the “CIO”) and includes a defense-in-depth approach with multiple layers of security controls, including network segmentation, security monitoring, endpoint protection, and identity and access management, as well as data protection best practices and data loss prevention controls. Our Audit and Finance Committee is updated on the overall performance of our information security risk management framework on an annual basis by the CIO.",2026-03-16T06:43:57.956220Z,2025-02-25,0.8213,Corporate Governance,1382,Corporate Governance,12.321,WAT_2025_RISK_038,Cybersecurity,Cybersecurity,WAT,2026-03-16T06:43:57.956231Z
17,Corporate Governance,Product Liability,Product Liability,核心是資安事件識別、分級與應變流程。,,,2384,1,964,"Cybersecurity Strategy and Risk Management
When a cybersecurity threat or incident is identified, our policy is to review and triage the threat or incident, and to then manage it to conclusion in accordance with our cybersecurity incident response processes.  When a cybersecurity incident is determined to be significant, it is addressed by management committees using processes that leverage subject-matter expertise from across the Company.  Further, we have in the past and may in the future engage with third-party advisors and government and law enforcement agencies as part of our incident management processes.  All cybersecurity incidents that are identified as reasonably having the potential to be highly significant to the Company are brought to the attention of both the Chief Enterprise Technology Officer and Chief Policy Officer and General Counsel by the Chief Information Security Officer as part of our cybersecurity incident response processes.",2026-03-16T06:45:07.958791Z,2025-02-06,0.9198,Corporate Governance,1389,Corporate Governance,6.79,F_2025_RISK_059,Cybersecurity Strategy and Risk Management,Legal and Regulatory Risks,F,2026-03-16T06:45:07.958804Z
18,Non-ESG,Product Liability,Product Liability,事件後的資安復原及計畫改善屬資料安全管理。,,,2399,1,231,"Containment, Eradication, Recovery, and Reporting
Following the conclusion of an incident, the incident response team will generally assess the effectiveness of the cybersecurity program and IRP and make adjustments as appropriate.",2026-03-16T06:50:37.782856Z,2026-02-12,0.474,Corporate Governance,1404,Non-ESG,145.211,PSA_2026_RISK_053,"Containment, Eradication, Recovery, and Reporting",Detection and Analysis,PSA,2026-03-16T06:50:37.782877Z
19,Corporate Governance,Non-ESG,Non-ESG,核心是地緣政治、資產出售與投資價值，董事辭任只是事件背景。,,,2400,1,1720,"Operational Risks
For example, in light of the conflict between Russia and Ukraine, members of our management team resigned from the board of our Yandex. Taxi joint venture, and we announced that we are actively looking for opportunities to accelerate the sale of our remaining holdings in the joint venture. The broader consequences of this conflict, which may include additional international sanctions, embargoes, regional instability, and geopolitical shifts, increased tensions between the United States and countries in which we operate, and the extent of the conflict’s effect on the global economy, cannot be predicted. Any of these risks could materially affect the value of our assets, which could have an adverse effect on our business, financial condition, operating results, or the trading price of our common stock. Further, we are contractually limited in our ability to sell or transfer these assets. For example, in connection with Aurora’s November 2021 initial public offering, we are subject to a 4-year lock-up with respect to our shares in Aurora. Furthermore, we may be required to sell these assets at a time at which we would not be able to realize what we believe to be the long-term value of these assets. For example, if we were deemed an investment company under the Investment Company Act of 1940, as amended (the “Investment Company Act”), we may be required to sell some or all of such assets so that we would not be subject to the requirements of the Investment Company Act. Additionally, we may have to pay significant taxes upon the sale or transfer of these assets. Accordingly, we may never realize the value of these assets relative to the contributions we made to these businesses.",2026-03-16T06:51:26.103038Z,2023-02-21,0.5552,Corporate Governance,1405,Corporate Governance,47.776,UBER_2023_RISK_052,Operational Risks,Operational Risks,UBER,2026-03-16T06:51:26.103054Z
20,Non-ESG,Business Ethics & Values,Business Ethics & Values,明確聚焦員工、代理商與合作方的不當行為。,,,2431,1,280,"Legal and Regulatory Risks
▪The improper conduct of employees, agents, subcontractors, suppliers, business partners or joint ventures in which we participate can impact our reputation, our ability to do business and our financial position, results of operations and/or cash flows.",2026-03-16T06:58:15.383159Z,2022-01-27,0.9254,Business Ethics & Values,1436,Non-ESG,10.993,NOC_2022_RISK_017,Legal and Regulatory Risks,Legal and Regulatory Risks,NOC,2026-03-16T06:58:43.194327Z
21,Business Ethics & Values,Community Relations,Community Relations,社區投資、公平放貸及弱勢金融可近性較符合社區關係，但亦接近消費者金融保護。,,,2475,1,1390,"Legal, Regulatory and Compliance Risks
The CRA, the Equal Credit Opportunity Act, the Fair Housing Act, and other fair lending laws and regulations (collectively, fair lending laws) impose community investment and nondiscriminatory lending requirements on financial institutions. The CFPB, the DOJ and other federal and state agencies are responsible for enforcing these federal laws and regulations and comparable state provisions. Due to legal challenges, the federal banking agencies are enjoined from enforcing and are reconsidering the 2023 CRA regulations; the federal banking agencies are continuing to apply the 1995 CRA regulations. Federal, state or local consumer lending laws may restrict our ability to originate certain mortgage loans or increase our risk of liability with respect to such loans. A successful regulatory challenge to an institution's performance under the fair lending laws could result in a wide variety of sanctions, including damages and civil money penalties, injunctive relief, restrictions on mergers and acquisitions, restrictions on expansion, and restrictions on entering new business lines. Private parties may also have the ability to challenge an institution's performance under fair lending laws in private class action litigation. Such actions could have a material adverse effect on our business, financial condition, and results of operations.",2026-03-16T07:23:28.686960Z,2026-02-24,0.3726,Business Ethics & Values,1480,Business Ethics & Values,11.981,RF_2026_RISK_084,"Legal, Regulatory and Compliance Risks","Legal, Regulatory and Compliance Risks",RF,2026-03-16T07:23:28.686981Z
