review_rank,original_label,api_consensus_label,codex_suggested_label,dispute_reason,reviewed_label,reviewer_note,annotation_id,annotator,char_count,combined_text,created_at,filing_date,finbert_confidence,finbert_label,id,label,lead_time,paragraph_id,risk_heading,risk_section,split,ticker,updated_at
1,Business Ethics & Values,Corporate Governance,Non-ESG,一般法規遵循為主，未明確落在倫理或公司治理核心定義。,,,1522,1,1849,"REGULATORY RISKS
APS must comply in good faith with all applicable statutes, regulations, rules, tariffs, and orders of agencies that regulate APS’s business, including FERC, NRC, EPA, the ACC, and state and local governmental agencies. These agencies regulate many aspects of APS’s utility operations, including safety and performance, emissions, siting and construction of facilities, customer service and the rates that APS can charge retail and wholesale customers. Failure to comply can subject APS to, among other things, fines and penalties. For example, under the Energy Policy Act of 2005, FERC can impose penalties (approximately $1.2 million per day per violation) for failure to comply with mandatory electric reliability standards. APS is also required to have numerous permits, approvals and certificates from these agencies. APS believes the necessary permits, approvals and certificates have been obtained for its existing operations and that APS’s business is conducted in accordance with applicable laws in all material respects. Changes in laws or regulations that govern APS, new interpretations of law and regulations, or the imposition of new or revised laws or regulations could have an adverse impact on the manner in which we operate our business and our results of operations. In particular, new or revised laws or interpretations of existing laws or regulations may impact or call into question the ACC’s permissive regulatory authority, which may result in uncertainty as to jurisdictional authority within our state, and uncertainty as to whether ACC decisions will be binding or challenged by other agencies or bodies asserting jurisdiction. In November 2021, the Arizona Court of Appeals issued an opinion that called into question the ACC-approved limitation of liability provision found in the APS Service Schedules.",2026-03-11T12:47:49.639371Z,2022-02-25,0.3936,Business Ethics & Values,27,Business Ethics & Values,25.242,PNW_2022_RISK_004,REGULATORY RISKS,REGULATORY RISKS,,PNW,2026-03-11T12:47:49.639382Z
2,Product Liability,Business Ethics & Values,Product Liability,消費者最佳利益屬消費者金融保護，但也涉及受託義務。,,,1548,1,746,"Risks relating to estimates, assumptions and valuations
It requires financial professionals to act in consumers’ best interest when giving personalized investment advice. Notwithstanding the SEC’s Reg BI, which went into effect in 2020, some states may still consider changes to their own insurance and securities laws and/or regulations. In 2020, Massachusetts promulgated regulations imposing a fiduciary duty on broker-dealers and agents and the NAIC adopted best interest enhancements to its existing annuity suitability model. A number of states have adopted the updated NAIC model and many more are poised to take steps in that direction in 2022. Related state fiduciary or “best interest” legislation and/or regulation could occur in 2022.",2026-03-11T12:59:22.912219Z,2022-02-11,0.6801,Business Ethics & Values,53,Product Liability,106.271,PFG_2022_RISK_033,"Risks relating to estimates, assumptions and valuations",Summary of Risk Factors,,PFG,2026-03-11T12:59:22.912230Z
3,Business Ethics & Values,Product Liability,Product Liability,內容混合法律訴訟、食品安全、標示與勞動議題，主題不單一。,,,1560,1,1984,"Legal and Regulatory Risks
The Company’s operations are subject to the general risks of litigation. The Company is involved on an ongoing basis in litigation arising in the ordinary course of business. Trends in litigation may include class actions involving employees, consumers, competitors, suppliers, shareholders, or others, and claims relating to product liability, contract disputes, antitrust regulations, intellectual property, advertising, labeling, wage and hour laws, employment practices or environmental matters. Neither litigation trends nor the outcomes of litigation can be predicted with certainty and adverse litigation trends and outcomes could negatively affect the Company’s financial results. Government regulation, present and future, exposes the Company to potential sanctions and compliance costs that could adversely affect the Company’s business. The Company’s operations are subject to extensive regulation by the U.S. Department of Homeland Security, the U.S. Department of Agriculture, the U.S. Food and Drug Administration, federal and state taxing authorities and other federal, state, and local authorities which oversee workforce immigration, taxation, animal welfare, food safety, and the processing, packaging, storage, distribution, advertising, and labeling of the Company’s products. The Company’s manufacturing facilities and products are subject to ongoing inspection by federal, state and local authorities. Claims or enforcement proceedings could be brought against the Company in the future. The availability of government inspectors due to a government furlough could also cause disruption to the Company’s manufacturing facilities. Additionally, the Company is subject to new or modified laws, regulations, and accounting standards. The Company’s failure or inability to comply with such requirements could subject the Company to civil remedies, including fines, injunctions, recalls or seizures, as well as potential criminal sanctions.",2026-03-11T13:14:53.847542Z,2021-12-10,0.8906,Business Ethics & Values,65,Business Ethics & Values,29.236,HRL_2021_RISK_014,Legal and Regulatory Risks,Legal and Regulatory Risks,,HRL,2026-03-11T13:14:53.847550Z
4,Non-ESG,Corporate Governance,Corporate Governance,單位持有人對資產出售的核准權直接涉及所有權治理。,,,1562,1,260,"Risks Related to the Operating Partnership’s Organization and Ownership of OP Units
In certain circumstances, certain of the Operating Partnership’s unitholders must approve the Operating Partnership’s sale of certain properties contributed by the unitholders.",2026-03-12T08:50:10.619312Z,2022-02-17,0.8895,Non-ESG,67,Non-ESG,45.944,MAA_2022_RISK_078,Risks Related to the Operating Partnership’s Organization and Ownership of OP Units,Tennessee Anti-Takeover Statutes,,MAA,2026-03-12T08:50:10.619323Z
5,Business Ethics & Values,Corporate Governance,Business Ethics & Values,董事兼任造成利益衝突，同時符合倫理與治理邊界。,,,1580,1,163,"Risks Associated with our Macau Operations
Conflicts of interest may arise because certain of our directors and officers are also directors of Wynn Macau, Limited.",2026-03-13T02:42:41.512146Z,2022-02-28,0.7181,Business Ethics & Values,85,Business Ethics & Values,12.283,WYNN_2022_RISK_085,Risks Associated with our Macau Operations,Risks Associated with our Macau Operations,,WYNN,2026-03-13T02:42:41.512157Z
6,Non-ESG,Business Ethics & Values,Business Ethics & Values,段落明確包含詐欺、內控失效與違反倫理標準。,,,1601,1,1955,"We are subject to a variety of operational risks.
In addition to the other risks discussed in this section, we are subject to operational risk, which represents the risk of loss resulting from human error, inadequate or failed internal processes, internal controls, systems, and external events. Operational risk includes the risk of fraud by employees or others outside of Key, clerical and record-keeping errors, nonperformance by vendors, threats from cyber activity, and computer/telecommunications malfunctions. Fraudulent activity has escalated, become more sophisticated, and is ever evolving as there are more options to access financial services. For instance, in our Form 8-K filed July 16, 2019, we disclosed that on or about July 9, 2019, we discovered fraudulent activity associated with transactions conducted in the third quarter of 2019 by a business customer of KeyBank.  This fraudulent activity resulted in $139 million of net loan charge-offs in 2019. Operational risk also encompasses compliance and legal risk, which is the risk of loss from violations of, or noncompliance with, laws, rules, regulations, prescribed practices, or ethical standards, as well as the risk of our noncompliance with contractual and other obligations. We are also exposed to operational risk through our outsourcing arrangements, and the effect that changes in circumstances or capabilities of our outsourcing vendors can have on our ability to continue to perform operational functions necessary to our business, such as certain loan processing functions. For example, breakdowns or failures of our vendors’ systems or employees could be a source of operational risk to us. Resulting losses from operational risk could take the form of explicit charges, increased operational costs (including remediation costs), harm to our reputation, inability to secure insurance, litigation, regulatory intervention or sanctions, or foregone business opportunities.",2026-03-13T02:56:50.506044Z,2022-02-22,0.5053,Business Ethics & Values,106,Non-ESG,244.212,KEY_2022_RISK_013,We are subject to a variety of operational risks.,III.  Operational Risk,,KEY,2026-03-13T02:56:50.506055Z
7,Corporate Governance,Human Capital,Human Capital,核心是關鍵高階人員流失、招募與留任。,,,1613,1,2067,"The loss of the services of Mr. Ralph Lauren or any other changes to our executive and senior management team may be disruptive to, or cause uncertainty in, our business.
Mr. Ralph Lauren's leadership in the design and marketing areas of our business has been a critical element of our success since the inception of our Company. Mr. R. Lauren is instrumental to, and closely identified with, our brand that bears his name. Our ability to maintain our brand image and leverage the goodwill associated with Mr. R. Lauren's name may be damaged if we were to lose his services. The death or disability of Mr. R. Lauren or other extended or permanent loss of his services, or any negative market or industry perception with respect to him or arising from his loss, could have a material adverse effect on our business. We also depend on the service and management experience of other key executive officers and members of senior management who have substantial experience and expertise in our industry and our business and have made significant contributions to our growth and success. Competition in our industry to attract and retain these employees is intense and is influenced by our reputation, our ability to offer competitive compensation and benefits, and economic conditions, among other factors. Any changes in our executive and senior management team, including those resulting from our restructuring actions, may be disruptive to, or cause uncertainty in, our business and future strategic direction. The departure of any key individuals and the failure to ensure a smooth transition and effective transfer of knowledge involving senior employees could hinder or delay our strategic planning and execution, as well as adversely affect our ability to attract and retain other experienced and talented employees. Such departures could also impede our ability to maintain an effective system of internal controls and compliance with the requirements under the Sarbanes-Oxley Act of 2002. Any such disruptions could have a material adverse impact on our business.",2026-03-13T03:12:25.241484Z,2021-05-20,0.9694,Corporate Governance,118,Corporate Governance,31.992,RL_2021_RISK_018,"The loss of the services of Mr. Ralph Lauren or any other changes to our executive and senior management team may be disruptive to, or cause uncertainty in, our business.",Risks Related to our Business and Operations,,RL,2026-03-13T03:12:25.241492Z
8,Non-ESG,Corporate Governance,Corporate Governance,高階主管由董事會任命，較接近治理資訊。,,,1615,1,606,"INFORMATION ABOUT OUR EXECUTIVE OFFICERS
The following description of our executive officers is included as an unnumbered item in this Part I of this Annual Report in lieu of being included in our definitive proxy statement for our annual meeting of stockholders. Set forth below are the name, age, present title, and certain other information for each of our executive officers as of the filing date of this Annual Report. Each executive officer is appointed by our board of directors and holds his or her office until the earlier of his or her death, resignation, retirement, disqualification or removal.",2026-03-13T03:12:56.611986Z,2021-11-19,0.9932,Corporate Governance,120,Non-ESG,18.327,BEN_2021_RISK_075,INFORMATION ABOUT OUR EXECUTIVE OFFICERS,INFORMATION ABOUT OUR EXECUTIVE OFFICERS,,BEN,2026-03-13T03:12:56.611994Z
9,Non-ESG,Product Liability,Product Liability,產品品質影響客戶與品牌，符合產品品質風險。,,,1671,1,231,"Business and Operational Risks
In addition, quality issues can impair our relationships with new or existing customers and adversely affect our brand and reputation, which could, in turn, adversely affect our results of operations.",2026-03-13T04:00:26.814214Z,2022-12-08,0.9817,Non-ESG,176,Non-ESG,12.417,HPE_2022_RISK_031,Business and Operational Risks,Business and Operational Risks,,HPE,2026-03-13T04:00:26.814224Z
10,Non-ESG,Product Liability,Product Liability,產品、原料與包裝品質安全是主要具體風險。,,,1675,1,392,"Risks Related to Our Business and Operations
Our Company’s reputation or brand image might be impacted as a result of issues or concerns relating to the quality and safety of our products, ingredients or packaging, human and workplace rights, and other environmental, social or governance matters, which in turn could result in litigation or otherwise negatively impact our operating results.",2026-03-13T04:02:00.136889Z,2022-02-18,0.5409,Non-ESG,180,Non-ESG,7.149,HSY_2022_RISK_006,Risks Related to Our Business and Operations,Risks Related to Our Business and Operations,,HSY,2026-03-13T04:02:00.136899Z
11,Non-ESG,Product Liability,Product Liability,臨床試驗管理與產品核准屬產品品質／安全邊界。,,,1698,1,337,"Risks Related to Development, Clinical Testing and Regulation of Our Products and Product Candidates
Clinical trials and the development of biopharmaceutical products is a lengthy and complex process. If we fail to adequately manage our clinical activities, our clinical trials or potential regulatory approvals may be delayed or denied.",2026-03-13T05:40:06.727406Z,2022-02-03,0.9805,Non-ESG,203,Non-ESG,4.934,BIIB_2022_RISK_101,"Risks Related to Development, Clinical Testing and Regulation of Our Products and Product Candidates",Risks Related to Intellectual Property,,BIIB,2026-03-13T05:40:06.727414Z
12,Product Liability,Non-ESG,Non-ESG,主要是研發策略與合作模式，未聚焦產品安全或責任。,,,1705,1,1973,"RESEARCH AND DEVELOPMENT
R&D is at the heart of fulfilling our purpose to deliver breakthroughs that change patients’ lives as we work to translate advanced science and technologies into the therapies that may be the most impactful for patients. The discovery and development of drugs, vaccines and biological products are time consuming, costly and unpredictable. In addition to discovering and developing new products, our R&D efforts seek to add value to our existing products by improving their effectiveness and ease of dosing and by discovering potential new indications. Our R&D Priorities and Strategy. Our R&D priorities include:•delivering a pipeline of highly differentiated medicines and vaccines where we have a unique opportunity to bring the most important new therapies to patients in need;•advancing our capabilities that can position us for long-term R&D leadership; and•advancing new models for partnerships with creativity, flexibility and urgency to deliver innovation to patients as quickly as possible. To that end, our R&D primarily focuses on our main therapeutic areas. While a significant portion of our R&D is internal, we also seek promising chemical and biological lead molecules and innovative technologies developed by others to incorporate into our discovery and development processes or projects, as well as our product lines. We do so by entering into collaboration, alliance and license agreements with universities, biotechnology companies and other firms as well as through acquisitions and investments. These collaboration, alliance and license agreements and investments allow us to share knowledge, risk and cost. They also enable us to access external scientific and technological expertise, as well as provide us the opportunity to advance our own products and in-licensed or acquired products. For information on certain of these collaborations, alliances and license arrangements and investments, see Note 2. Our R&D Operations.",2026-03-13T05:41:54.771788Z,2022-02-24,0.475,Non-ESG,210,Product Liability,16.757,PFE_2022_RISK_008,RESEARCH AND DEVELOPMENT,RESEARCH AND DEVELOPMENT,,PFE,2026-03-13T05:41:54.771800Z
13,Business Ethics & Values,Non-ESG,Non-ESG,廣泛法規變動與營運成本，缺乏明確倫理行為。,,,1712,1,678,"Regulatory, Legislative and Legal
The Company is subject to the jurisdiction of various regulatory agencies, including the STB, FRA, PHMSA, TSA, EPA and other state, provincial and federal regulatory agencies for a variety of economic, health, safety, labor, environmental, tax, legal and other matters. New or modified rules or regulations by these agencies could increase the Company's operating costs, adversely impact revenue or reduce operating efficiencies and affect service performance. Noncompliance with applicable laws or regulations could erode public confidence in the Company and can subject the Company to fines, penalties and other legal or regulatory sanctions.",2026-03-13T05:43:58.680951Z,2022-02-16,0.7593,Business Ethics & Values,217,Business Ethics & Values,5.677,CSX_2022_RISK_004,"Regulatory, Legislative and Legal","Regulatory, Legislative and Legal",,CSX,2026-03-13T05:43:58.680961Z
14,Climate Change,Non-ESG,Non-ESG,低碳燃料只占廣泛農業與貿易政策的一部分，主題是否以氣候為主有疑義。,,,1717,1,2037,"Legal Regulations and Compliance Risks
Agricultural production and trade flows are subject to government policies, mandates, regulations, and trade agreements, including taxes, tariffs, duties, subsidies, incentives, foreign exchange rates, and import and export restrictions, including policies related to genetically modified organisms, traceability standards, sustainable practices, product safety and labeling, renewable fuels, and low carbon fuel mandates. These policies can influence the planting of certain crops; the location and size of crop production; whether unprocessed or processed commodity products are traded; the volume and types of imports and exports; the availability and competitiveness of feedstocks as raw materials; the viability and volume of production of certain of the Company’s products; and industry profitability. For example, changes in government policies or regulations of ethanol and biodiesel including, but not limited to, changes in the Renewable Fuel Standard program under the Energy Independence and Security Act of 2007 in the United States, including the treatment of small refinery exemptions, can have an impact on the Company’s operating results. International trade regulations can adversely affect agricultural commodity trade flows by limiting or disrupting trade between countries or regions. Regulations of financial markets and instruments, including the Dodd-Frank Act, Consumer Protection Act, and the European Market Infrastructure Regulation, create uncertainty and may lead to additional risks and costs, and could adversely affect the Company’s futures commission merchant business and its agricultural commodity risk management practices. Future government policies may adversely affect the supply of, demand for, and prices of the Company’s products; adversely affect the Company’s ability to deploy adequate hedging programs; restrict the Company’s ability to do business in its existing and target markets; and adversely affect the Company’s revenues and operating results.",2026-03-13T05:44:43.863889Z,2022-02-17,0.752,Climate Change,222,Climate Change,11.15,ADM_2022_RISK_015,Legal Regulations and Compliance Risks,Legal Regulations and Compliance Risks,,ADM,2026-03-13T05:44:43.863899Z
15,Non-ESG,Business Ethics & Values,Non-ESG,稅務估計與稅務稽核通常屬一般財稅風險。,,,1723,1,1948,"Legal and Regulatory Risks
Changes to these and other areas in relation to international tax reform, including future actions taken by foreign governments in response to the Tax Act, could increase uncertainty and may adversely affect our tax rate and cash flow in future years. Our income and non-income tax filings are subject to review or audit by the Internal Revenue Service and state, local and foreign taxing authorities. We exercise significant judgment in determining our worldwide provision for income taxes and, in the ordinary course of our business, there may be transactions and calculations where the ultimate tax determination is uncertain. We may also be liable for potential tax liabilities of businesses we acquire, including future taxes payable related to the transition tax on earnings from their foreign operations, if any, under the Tax Act. Although we believe our tax estimates are reasonable, the final determination in an audit may be materially different than the treatment reflected in our historical income tax provisions and accruals. An assessment of additional taxes because of an audit could adversely affect our income tax provision and net income in the periods for which that determination is made. In July 2017, the Hungarian Tax Authority (HTA) issued a final assessment against our Hungarian subsidiary (Synopsys Hungary) for fiscal years 2011 through 2013. The HTA has applied withholding taxes on certain payments made to affiliates, resulting in an aggregate tax assessment of approximately $25.0 million and interest and penalties of $11.0 million. We paid the tax assessments, penalties and interest in the first quarter of fiscal 2018 as required by law and recorded these amounts as prepaid taxes on our balance sheet. On April 30, 2019, the Hungarian Administrative Court (the Administrative Court) ruled against Synopsys Hungary. We filed an appeal with the Hungarian Supreme Court on July 5, 2019.",2026-03-13T05:46:24.644592Z,2021-12-13,0.929,Non-ESG,228,Non-ESG,15.588,SNPS_2021_RISK_054,Legal and Regulatory Risks,Legal and Regulatory Risks,,SNPS,2026-03-13T05:46:24.644606Z
16,Community Relations,Product Liability,Product Liability,健康服務責任、客戶隱私與資訊安全均指向產品責任。,,,1726,1,1753,"The COVID-19 pandemic has subjected our business, operations and financial condition to a number of risks, and those risks may intensify or last for an extended period of time.
This expanded risk increases the complexity of our business and places significant responsibility on our management, employees, operations, systems, technical expertise, financial resources, and internal financial and regulatory control and reporting functions. In addition, new initiatives we test through trials and pilots may not scale or grow effectively or as we expected, which could limit our growth and negatively affect our operating results. They may also involve significant laws or regulations that are beyond our current expertise. In fiscal 2021 we continued to invest in our health strategy and our underlying purpose to enrich lives through technology. The new health-related services offered might expose us to liability risk resulting from failures in the fulfillment of these services. In addition, the services and systems used could expose us to customer data privacy and information security risks, as well as business or system interruption risks. These and other related issues could have a material adverse impact on our financial results. Our focus on services as a strategic priority exposes us to certain risks that could have a material adverse impact on our revenue and profitability as well as our reputation. We offer a full range of services that complement our product offerings, including consultation, delivery, design, installation, memberships, protection plans, repair, set-up, technical support, and health, safety and caregiving monitoring and support. Designing, marketing and executing these services is subject to incremental risks.",2026-03-13T05:48:15.931963Z,2021-03-19,0.8457,Product Liability,231,Community Relations,73.38,BBY_2021_RISK_011,"The COVID-19 pandemic has subjected our business, operations and financial condition to a number of risks, and those risks may intensify or last for an extended period of time.",External Risks,,BBY,2026-03-13T05:48:15.931972Z
17,Corporate Governance,Non-ESG,Non-ESG,併購整合與綜效實現是一般策略與營運風險。,,,1741,1,1004,"RISKS RELATED TO OUR BUSINESS
Our growth strategy includes the pursuit of targeted inorganic growth opportunities that we believe will provide a strategic fit, leverage operational synergies, and lead to incremental earnings accretion. For example, in September 2023 we closed on our acquisition of My Choice Wisconsin and in January 2024 we closed on the acquisition of Bright Health Medicare. The integration of acquired businesses with our existing business is a complex, costly and time-consuming process. The success of acquisitions we make will depend, in part, on our ability to successfully combine our existing business with such acquired businesses and realize the anticipated benefits, including synergies, cost savings, growth in earnings, innovation, and operational efficiencies, from the combinations. If we are unable to achieve these objectives within the anticipated time frame, or at all, the anticipated benefits may not be fully realized, or may take longer to realize than expected.",2026-03-13T06:00:26.884293Z,2024-02-13,0.9702,Non-ESG,246,Corporate Governance,71.03,MOH_2024_RISK_012,RISKS RELATED TO OUR BUSINESS,RISKS RELATED TO OUR BUSINESS,,MOH,2026-03-13T06:00:26.884303Z
18,Non-ESG,Natural Capital,Non-ESG,原料供應雖涉及天然資源，但主要描述一般第三方供應鏈依賴。,,,1751,1,2133,"Supply chain disruptions, geopolitical developments or climate-change events may adversely affect our suppliers or our procurement of raw materials, and thus may impact our business and financial results.
In connection with our manufacturing of our products, we often rely on third party suppliers for raw materials. We use many different raw materials for our business, such as essential oils, extracts and concentrates derived from fruits, vegetables, flowers, woods and other botanicals, animal products, raw fruits, organic chemicals and petroleum-based chemicals, as well as, gelatin, glycols, cellulose processed grains, guar, locust bean gum, organic vegetable oils, peels, saccharides, seaweed, soybeans, and sugars and yeasts. Supply chain disruptions, such as the ones related to the COVID-19 pandemic, may impair or delay our ability to obtain sufficient quantities of certain raw materials through our ordinary supply channels and cause us to incur higher costs by procuring raw materials from other sources in order to compensate for such delays or lack of availability. In addition, our suppliers, similar to us, are subject to risks, inherent in agriculture, manufacturing and distribution on a global scale, including industrial accidents, environmental events, climate change, strikes and other labor disputes, disruptions in supply chain or information systems, disruption or loss of key research or manufacturing sites, product quality control, safety and environmental compliance issues, licensing requirements and other regulatory issues, as well as natural disasters, global or local health crisis, international conflicts, terrorist acts, geopolitical developments, trade wars, and other external factors over which neither they nor we have control. These suppliers also could become insolvent or experience other financial distress. For example, in 2017, a fire at the manufacturing facility of BASF Group (“BASF”), one of our suppliers, caused them to declare a force majeure event which resulted in industry disruption due to the lack of availability of certain ingredients used in many fragrance compounds.",2026-03-13T06:05:11.201890Z,2022-02-28,0.4464,Product Liability,256,Non-ESG,28.005,IFF_2022_RISK_006,"Supply chain disruptions, geopolitical developments or climate-change events may adversely affect our suppliers or our procurement of raw materials, and thus may impact our business and financial results.",Risks Related to Our Business and Industry,,IFF,2026-03-13T06:05:11.201901Z
19,Non-ESG,Product Liability,Product Liability,健康認知與人口變化符合健康及人口風險。,,,1758,1,2000,"RISKS RELATED TO OUR OPERATIONS
Consumers’ preferences continually evolve due to a variety of factors, including changing demographics of the population, social trends, changes in consumer lifestyles and consumption patterns, concerns or perceptions regarding the health effects of products, concerns regarding the location of origin or source of ingredients and products, changes in consumers' spending habits, negative publicity, economic downturn or other factors. For example, consumers are increasingly concerned about health and wellness, focusing on the caloric intake associated with regular CSDs, the use of artificial sweeteners in diet CSDs, and the use of natural, organic or simple ingredients in beverages. The demand for CSDs has therefore decreased as consumers have shifted towards NCBs, such as water, ready-to-drink coffee and teas, and sports drinks. If we do not effectively anticipate and respond to these changing trends and consumer beverage preferences, our sales and growth could suffer. Consumers are also increasingly focused on sustainability, with particular attention to the recyclability of product packaging, reducing consumption of single-use plastics and non-recyclable materials, and the environmental impact of manufacturing operations. If we do not meet consumer demands by continuing to provide recyclable packaging options and focusing on sustainability throughout our manufacturing operations, our sales could suffer. In addition, consumer shopping behavior is rapidly evolving due to both changes in travel, vacation and leisure activity patterns and the acceleration of e-commerce and other methods of purchasing products. If we are unable to meet the consumer where and when they desire their products or if we are unable to respond to changes in distribution channels (including e-commerce), our financial results could be adversely impacted. If we do not innovate rapidly and successfully to respond to shifting consumer demands, our business may suffer.",2026-03-13T06:18:08.927768Z,2022-02-24,0.7387,Product Liability,263,Non-ESG,68.383,KDP_2022_RISK_013,RISKS RELATED TO OUR OPERATIONS,RISKS RELATED TO OUR OPERATIONS,,KDP,2026-03-13T06:18:08.927777Z
20,Corporate Governance,Non-ESG,Non-ESG,債券控制權變更條款主要是融資與負債風險。,,,1765,1,619,"RISKS RELATED TO OUR INDEBTEDNESS
Upon the occurrence of a “change of control,” as defined in our indentures, we will be required to offer to repurchase all of our outstanding senior notes. However, it is possible that we will not have sufficient funds at the time of a change of control to make the required repurchase of any outstanding notes or that restrictions in our Credit Agreement will not allow such repurchases. Certain important corporate events, however, such as leveraged recapitalizations that would increase the level of our indebtedness, would not constitute a “change of control” under our indentures.",2026-03-13T06:23:30.469239Z,2022-02-24,0.6011,Non-ESG,270,Corporate Governance,24.057,IRM_2022_RISK_055,RISKS RELATED TO OUR INDEBTEDNESS,RISKS RELATED TO OUR INDEBTEDNESS,,IRM,2026-03-13T06:23:30.469249Z
21,Corporate Governance,Non-ESG,Non-ESG,只有投資普通股的稅務建議，治理內容不足。,,,1778,1,205,"Risks Related to Our Business
We urge our stockholders to consult with their legal and tax advisors with respect to any such legislation and the potential tax consequences of investing in our common stock.",2026-03-13T06:33:51.776871Z,2022-02-25,0.9539,Corporate Governance,283,Corporate Governance,5.789,IR_2022_RISK_046,Risks Related to Our Business,Risks Related to Our Business,,IR,2026-03-13T06:33:51.776880Z
22,Business Ethics & Values,Product Liability,Product Liability,FDA 核准、召回與產品扣押直接涉及產品安全及品質。,,,1781,1,455,"Our operations depend on compliance with complex FDA and comparable international regulations. Failure to obtain broad approvals on a timely basis or to maintain compliance could delay or halt commercialization of our products.
Failure to comply with these or other requirements imposed by FDA could result in significant civil monetary penalties, fines, suspensions of regulatory approvals, product recalls, seizure of products and criminal prosecutions.",2026-03-13T06:34:28.068010Z,2022-02-23,0.4858,Non-ESG,286,Business Ethics & Values,16.944,GILD_2022_RISK_023,Our operations depend on compliance with complex FDA and comparable international regulations. Failure to obtain broad approvals on a timely basis or to maintain compliance could delay or halt commercialization of our products.,Regulatory and Other Legal Risks,,GILD,2026-03-13T06:34:28.068018Z
23,Non-ESG,Business Ethics & Values,Non-ESG,移轉訂價與稅務爭議屬一般稅務風險。,,,1783,1,746,"We are subject to the risk of increased taxes.
Several jurisdictions in which we operate have tax laws with detailed transfer pricing rules that require that all transactions with non-resident related parties be priced using arm’s length pricing principles, and that contemporaneous documentation must exist to support such pricing. There is a risk that the taxing authorities may not deem our transfer pricing documentation acceptable. In addition, the Organization for Economic Cooperation and Development continues to issue guidelines and proposals related to Base Erosion and Profit Shifting which may result in legislative changes that could reshape international tax rules in numerous countries and negatively impact our effective tax rate.",2026-03-13T06:41:26.897251Z,2021-10-22,0.8583,Non-ESG,288,Non-ESG,396.936,JBL_2021_RISK_044,We are subject to the risk of increased taxes.,Financial Risks,,JBL,2026-03-13T06:41:26.897271Z
24,Non-ESG,Business Ethics & Values,Non-ESG,一般訴訟與政府調查，未清楚指出倫理不當行為。,,,1804,1,2015,"Regulatory, Tax, Litigation and Legal Compliance Risks
From time to time, we are subject to litigation and other legal and regulatory proceedings relating to our business or investigations or other actions by governmental agencies, including as described in Part I, Item 3. Legal Proceedings, of this report. In addition, the Company is subject to an increased risk of litigation and other proceedings as a result of the COVID-19 pandemic and responsive measures. For example, the Company is involved in litigation relating to its vaccination requirements for employees. No assurances can be given that the results of these or new matters will be favorable to us. An adverse resolution of lawsuits, arbitrations, investigations or other proceedings or actions could have a material adverse effect on our financial condition and operating results, including as a result of non-monetary remedies, and could also result in adverse publicity. Defending ourselves in these matters may be time-consuming, expensive and disruptive to normal business operations and may result in significant expense and a diversion of management's time and attention from the operation of our business, which could impede our ability to achieve our business objectives. Additionally, any amount that we may be required to pay to satisfy a judgment, settlement, fine or penalty may not be covered by insurance. If we fail to comply with the terms contained in any settlement, order or agreement with a governmental authority relating to these matters, we could be subject to criminal or civil penalties, which could have a material adverse impact on the Company. Under our charter and certain indemnification agreements that we have entered into (and may in the future enter into) with our officers, directors and certain third parties, we could be required to indemnify and advance expenses to them in connection with their involvement in certain actions, suits, investigations and other proceedings. Any of these payments may be material.",2026-03-13T06:54:56.951819Z,2022-02-18,0.4511,Business Ethics & Values,309,Non-ESG,47.987,UAL_2022_RISK_056,"Regulatory, Tax, Litigation and Legal Compliance Risks",Human Capital Management Risks,,UAL,2026-03-13T06:54:56.951831Z
25,Non-ESG,Corporate Governance,Corporate Governance,股利政策與普通股持有人權益屬股東治理邊界。,,,1806,1,777,"Holders of our common stock may receive dividends that vary from anticipated amounts, or no dividends at all.
We may not have sufficient cash each quarter to pay dividends or maintain current or expected levels of dividends. The actual amount of cash we pay in the form of dividends may fluctuate from quarter to quarter and will depend on various factors, some of which are beyond our control, including our working capital needs, our ability to borrow, the restrictions contained in our indentures and credit facility, our debt service requirements and the cost of acquisitions, if any.  A failure either to pay dividends or to pay dividends at expected levels could result in a loss of investor confidence, reputational damage and a decrease in the value of our stock price.",2026-03-13T06:56:50.683121Z,2022-03-01,0.6253,Non-ESG,311,Non-ESG,44.222,OKE_2022_RISK_042,"Holders of our common stock may receive dividends that vary from anticipated amounts, or no dividends at all.",GENERAL RISK FACTORS,,OKE,2026-03-13T06:56:50.683129Z
26,Product Liability,Business Ethics & Values,Product Liability,鴉片類藥物訴訟可視為產品傷害，也可視為重大爭議事件。,,,1808,1,1550,"Litigation and Regulatory Risks
We recorded a charge of $6.6 billion in the fiscal year ended September 30, 2020 related to the proposed global settlement and other related opioid litigation and recorded an additional $147.7 million accrual in the fiscal year ended September 30, 2021 in connection with the proposed settlement agreement and related obligations and other opioid-related litigation. Until such time as a plaintiff participates in a global settlement or otherwise resolves its lawsuit, we will continue to litigate and prepare for trial in the cases pending in the MDL, those remanded from the MDL to federal district courts, as well as in state courts where lawsuits have been filed, and we intend to continue to vigorously defend ourselves in all such cases. Since these matters are still developing, we are unable to predict the outcome, but the result of these lawsuits could include excessive monetary verdicts and/or injunctive relief, including changes to our anti-diversion programs, that may affect how we operate our business. Further, any final settlement amongst parties may differ materially from our advanced discussions related to global resolution of the MDL. The inability to reach a global settlement of the MDL and adverse resolution of any of these lawsuits or investigations could have a material adverse effect on our business, results of operations, and cash flows and could result in a lower than historical level of capital available for deployment, including a lower level of capital returned to stockholders.",2026-03-13T06:58:47.732549Z,2021-11-23,0.5769,Non-ESG,313,Product Liability,62.842,COR_2021_RISK_050,Litigation and Regulatory Risks,Litigation and Regulatory Risks,,COR,2026-03-13T06:58:47.732558Z
27,Non-ESG,Corporate Governance,Non-ESG,銀行資本與流動性要求主要是金融監管風險。,,,1815,1,1781,"Risks Relating to Compliance and the Regulatory Environment
The Company may be subject to more stringent capital and liquidity requirements. Bank holding companies, including M&T, are subject to capital and liquidity requirements and standards imposed as a result of the Dodd-Frank Act (as amended by EGRRCPA) and the U.S. Basel III-based capital rules. For additional information, see “Capital Requirements” under Part I, Item 1 — Business. Regulators have implemented and may, from time to time, implement changes to these regulatory capital adequacy and liquidity requirements. If the Company fails to meet these minimum capital adequacy and liquidity requirements and other regulatory requirements, its business activities, including lending, and its ability to expand, either organically or through acquisitions, could be limited. It could also result in M&T being required to take steps to increase its regulatory capital that may be dilutive to shareholders or limit its ability to pay dividends or otherwise return capital to shareholders, or sell or refrain from acquiring assets. In addition, the liquidity-related provisions of the Federal Reserve’s liquidity-related enhanced prudential supervision requirements may reduce the Company’s ability to invest in other longer-term assets even if deemed more desirable from a balance sheet management perspective, which could adversely affect its net interest income and net interest margin. The federal bank regulators have not yet released a proposal to implement the significant revisions of the Basel capital framework announced by the Basel Committee in December 2017, and the impact on the Company of these revisions will depend on the manner in which they are implemented in the U.S. with respect to firms such as M&T.",2026-03-13T07:02:03.068407Z,2023-02-22,0.8441,Non-ESG,320,Non-ESG,18.834,MTB_2023_RISK_035,Risks Relating to Compliance and the Regulatory Environment,Market Risk,,MTB,2026-03-13T07:02:03.068415Z
28,Non-ESG,Climate Change,Climate Change,段落明列氣候事件影響旅運與營運。,,,1828,1,1168,"Adverse worldwide economic or other conditions could reduce the demand for cruises and passenger spending, adversely impacting our operating results, cash flows and financial condition including impairing the value of our goodwill, ships,
Natural disasters (e.g. earthquakes, volcanos, wildfires), weather and/or climate events (including hurricanes and typhoons) could impact our source markets and operations resulting in travel restrictions, guest cancellations, an inability to source our crew or our provisions and supplies from certain places. We are often forced to alter itineraries and occasionally cancel a cruise or a series of cruises or to redeploy our ships due to these types of events, which could have an adverse effect on our sales, operating costs and profitability in the current and future periods. Increases in the frequency, severity or duration of these types of events could exacerbate their impact and disrupt our operations or make certain destinations less desirable or unavailable, impacting our revenues and profitability further. Any of the foregoing could have an adverse impact on our results of operations and on industry performance.",2026-03-13T07:05:08.162456Z,2022-03-01,0.9533,Non-ESG,333,Non-ESG,16.97,RCL_2022_RISK_040,"Adverse worldwide economic or other conditions could reduce the demand for cruises and passenger spending, adversely impacting our operating results, cash flows and financial condition including impairing the value of our goodwill, ships,",COVID-19 and Financial Risks,,RCL,2026-03-13T07:05:08.162467Z
29,Non-ESG,Climate Change,Climate Change,減排目標與相關監管成本直接屬氣候變遷。,,,1844,1,1186,"Macroeconomic and Industry Risks
There can be no assurances we will achieve our emission reduction targets or aspirations, or that the associated costs will not be higher than expected, or that the regulatory landscape will not have a negative impact on our results of operations, financial condition, and liquidity. Government mandates may lead to the premature adoption of unproven and unreliable technology, which could negatively affect operational reliability, customer service and supply chain continuity. Our Business, Financial Condition, and Results of Operations Have Been Adversely Affected, and in The Future, Could Be Materially Adversely Affected by Pandemics or Other Public Health Crises – Pandemics, epidemics, and other outbreaks of disease can have significant and widespread impacts. As we saw during the peaks of the COVID pandemic, outbreaks of disease can cause a global slowdown of economic activity (including the decrease in demand for a broad variety of goods), disruptions in global supply chains, and significant volatility and disruption of financial markets, resulting further in adverse effects on workforces, customers, and regional and local economies.",2026-03-14T04:28:57.764991Z,2025-02-07,0.3785,Human Capital,349,Non-ESG,40.857,UNP_2025_RISK_016,Macroeconomic and Industry Risks,Macroeconomic and Industry Risks,,UNP,2026-03-14T04:28:57.765002Z
30,Non-ESG,Corporate Governance,Non-ESG,REIT 資格與稅法測試主要是稅務風險。,,,1875,1,1089,"Risks Related to our REIT Status and Certain Other Tax Items
We believe that we have been organized and have operated in conformity with the requirements for qualification and taxation as a REIT and that our current organization and proposed method of operation enable us to continue to qualify as a REIT. However, qualification as a REIT involves the application of highly technical and complex Code provisions for which only a limited number of judicial or administrative interpretations exist, and we cannot assure you that we qualify or that we will remain qualified as a REIT. Our qualification as a REIT depends upon our satisfaction of certain asset, income, organizational, distribution, stockholder ownership, and other requirements on a continuing basis, and even a technical or inadvertent violation of these requirements could jeopardize our REIT qualification. In addition, our qualification as a REIT may depend upon the qualification as a REIT of certain subsidiary entities of our investments in unconsolidated joint ventures that have also elected to be treated as a REIT.",2026-03-14T06:52:02.286276Z,2024-02-21,0.5502,Corporate Governance,380,Non-ESG,17.668,INVH_2024_RISK_135,Risks Related to our REIT Status and Certain Other Tax Items,Risks Related to Our Indebtedness,,INVH,2026-03-14T06:52:02.286294Z
31,Non-ESG,Business Ethics & Values,Business Ethics & Values,明確指出賄賂與貪腐風險。,,,1918,1,323,"Risks related to operating in foreign jurisdictions
A significant portion of our operations are conducted in foreign jurisdictions, including jurisdictions presenting a high risk of bribery and corruption, and are subject to the economic, political, legal and business environments of the countries in which we do business.",2026-03-14T07:49:22.731410Z,2022-02-15,0.5554,Non-ESG,423,Non-ESG,7.528,ZTS_2022_RISK_131,Risks related to operating in foreign jurisdictions,Risks related to manufacturing,,ZTS,2026-03-14T07:49:22.731419Z
32,Non-ESG,Corporate Governance,Corporate Governance,股票發行與普通股股東直接涉及所有權結構。,,,1924,1,1151,"Sales or issuances of shares of our common stock may adversely affect the market price of our common stock.
Future sales or issuances of common stock or other equity related securities may adversely affect the market price of our common stock, including any shares of our common stock issued to finance capital expenditures, finance acquisitions or repay debt. In October 2020, we established an ""at the market"" equity offering program (the ""2020 ATM Program"") in the amount of $1.5 billion under which we may, from time to time, issue and sell shares of our common stock to or through sales agents up to established limits. As of December 31, 2021, we had $1.0 billion available for sale under the 2020 ATM Program. We expect to refresh our ATM program periodically, which could lead to additional dilution for our stockholders in the future. We may also seek authorization to sell additional shares of common stock through other means which could lead to additional dilution for our stockholders. Please see Note 12 within the Consolidated Financial Statements of this Annual Report on Form 10-K for sales of our common stock under our ATM programs.",2026-03-14T07:55:00.653533Z,2022-02-18,0.9471,Non-ESG,429,Non-ESG,220.617,EQIX_2022_RISK_052,Sales or issuances of shares of our common stock may adversely affect the market price of our common stock.,Risks Related to Our Expansion Plans,,EQIX,2026-03-14T07:55:00.653559Z
33,Non-ESG,Business Ethics & Values,Business Ethics & Values,違反和解條款與政府處分具有倫理爭議成分。,,,1935,1,217,"Risks Related to Our Business Model and Capital Structure
We are subject to the risks of additional government actions in the event we were to breach the terms of any settlement arrangement into which we have entered.",2026-03-14T08:17:09.118089Z,2022-08-05,0.9477,Non-ESG,440,Non-ESG,2.573,KLAC_2022_RISK_104,Risks Related to Our Business Model and Capital Structure,Risks Related to Our Business Model and Capital Structure,,KLAC,2026-03-14T08:17:09.118098Z
34,Non-ESG,Human Capital,Human Capital,關鍵人員留任是典型人力資本風險。,,,1939,1,221,"Risks Related to Our Personnel and Growth
Our success depends substantially on the continuing efforts of our senior executives and other key personnel, and our business may be severely disrupted if we lose their services.",2026-03-14T08:17:57.589309Z,2022-02-25,0.6613,Non-ESG,444,Non-ESG,30.64,EPAM_2022_RISK_011,Risks Related to Our Personnel and Growth,Risks Related to COVID-19,,EPAM,2026-03-14T08:17:57.589321Z
35,Non-ESG,Human Capital,Human Capital,員工福利成本直接屬人力資本管理。,,,1957,1,168,"Business and Operational Risks
Increasing employee benefit costs and funding requirements could have a negative effect on our operating results and financial condition.",2026-03-14T10:57:13.799946Z,2021-11-09,0.9874,Non-ESG,462,Non-ESG,22.223,ROK_2021_RISK_025,Business and Operational Risks,Business and Operational Risks,,ROK,2026-03-14T10:57:13.799957Z
36,Non-ESG,Pollution & Waste,Non-ESG,僅泛稱環境責任，未具體描述污染、廢棄物或排放。,,,1958,1,183,"Risks Relating to Strategic Transactions
Our operations expose us to the risk of material environmental liabilities, litigation, government enforcement actions, and reputational risk.",2026-03-14T10:57:39.531509Z,2021-11-09,0.9176,Non-ESG,463,Non-ESG,25.023,TEL_2021_RISK_035,Risks Relating to Strategic Transactions,,,TEL,2026-03-14T10:57:39.531521Z
37,Non-ESG,Business Ethics & Values,Non-ESG,段落主體是跨國所得稅估計，通常屬一般財稅風險。,,,1962,1,1980,"—Government and commercial payer actions outside the United States have affected and will continue to affect access to and sales of our products
We are subject to income and other taxes in the United States and other jurisdictions in which we do business. As a result, our provision for income taxes is derived from a combination of applicable tax rates in the various places we operate. Significant judgment is required for determining our provision for income tax. One or more of our legal entities file income tax returns in the U.S. federal jurisdiction, various U.S. state jurisdictions and certain foreign jurisdictions. Our income tax returns are routinely examined by tax authorities in those jurisdictions. Significant disputes can arise with tax authorities involving issues regarding the timing and amount of deductions, the use of tax credits and allocations of income and expenses among various tax jurisdictions because of differing interpretations of tax laws, regulations and relevant facts, and such tax authorities (including the IRS) are becoming more aggressive in their audits and are particularly focused on such matters. In 2017, we received an RAR and a modified RAR from the IRS for the years 2010, 2011 and 2012, proposing significant adjustments that primarily relate to the allocation of profits between certain of our entities in the United States and the U.S. territory of Puerto Rico. We disagreed with the proposed adjustments and calculations and pursued resolution with the IRS administrative appeals office but were unable to reach resolution. In July 2021, we filed a petition in the U.S. Tax Court to contest two duplicate Statutory Notices of Deficiency (Notices) for 2010, 2011 and 2012 that we received in May and July 2021 which seek to increase our U.S. taxable income. We firmly believe that the IRS’s positions set forth in the Notices are without merit, and are contesting the Notices through the judicial process. See Part II, Item 7.",2026-03-14T10:58:24.915367Z,2022-02-16,0.8661,Non-ESG,467,Non-ESG,10.943,AMGN_2022_RISK_045,—Government and commercial payer actions outside the United States have affected and will continue to affect access to and sales of our products,General Risk Factors,,AMGN,2026-03-14T10:58:24.915378Z
38,Non-ESG,Corporate Governance,Corporate Governance,控股公司與子公司股利依賴涉及所有權結構，但也可視為一般財務風險。,,,1974,1,308,"Risks Related to Ownership of Our Common Stock
We are a holding company and our only material assets are our equity interests in our subsidiaries. As a consequence, we depend on the ability of our subsidiaries to pay dividends and make other payments and distributions to us in order to meet our obligations.",2026-03-14T13:32:50.253984Z,2025-02-24,0.9261,Non-ESG,479,Non-ESG,7.377,KVUE_2025_RISK_149,Risks Related to Ownership of Our Common Stock,Risks Related to Financial and Economic Market Conditions,,KVUE,2026-03-14T13:32:50.253995Z
39,Business Ethics & Values,Human Capital,Human Capital,就業、工時、工作條件與職安法規均屬人力資本。,,,1982,1,1523,"Legal and Regulatory Risks
Our business is subject to complex and stringent state and federal regulations, including employment laws and regulations, minimum wage requirements, overtime requirements, working condition requirements, citizenship requirements, transportation and other laws and regulations. In particular, we are subject to the regulations promulgated by the U.S. Department of Transportation (USDOT) and under the Occupational Safety and Health Act of 1970, as amended (OSHA Act). We have incurred, and will continue to incur, capital and operating expenditures and other costs in the ordinary course of our business in complying with the USDOT regulations, the OSHA Act and other laws and regulations to which we are subject. Changes in laws, regulations and the related interpretations, including any laws or regulations that may be enacted by the current U.S. presidential administration and Congress, may alter the landscape in which we do business and may affect our costs of doing business. The impact of new laws and regulations cannot be predicted. Compliance with new laws and regulations may increase our operating costs or require significant capital expenditures. Any failure to comply with applicable laws or regulations could result in substantial fines by government authorities, payment of damages to private litigants, or possible revocation of our authority to conduct our operations, which could adversely affect our ability to service customers and our consolidated results of operations.",2026-03-14T13:36:19.477870Z,2021-07-28,0.4704,Business Ethics & Values,487,Business Ethics & Values,73.64,CTAS_2021_RISK_030,Legal and Regulatory Risks,Legal and Regulatory Risks,,CTAS,2026-03-14T13:36:19.477882Z
